,views,likes,comment_count,category_id,title_length,num_tags,year_published,month_published,day_published,hour_published,days_since_published,duration_seconds,engagement_rate,views_over_time
0,-0.2740290736286177,-0.20866928717855615,-0.2521813900025969,29,0.48937893612248423,0.7351762568727874,1.24275711503247,-0.9964584818850839,1.02635284756242,-0.4109584611303678,-1.1660006749396095,0.277559749033641,0.9264150176423283,-0.14661489916199616
1,-0.07367663960053587,-0.020557495771094617,-0.12311324339749233,22,-0.43509568285435674,-0.5247259288184382,1.24275711503247,0.5444566962877262,-1.5902496457613182,-0.4109584611303678,-1.270278571043912,-0.6775301922023632,1.2631330233986156,-0.02535690495513812
2,-0.2712075635965292,-0.20757927679827795,-0.2524281742217271,22,-1.28845686960221,0.3152088616423789,1.24275711503247,-0.38009241061595983,1.7089448023425255,0.5125436987131547,-1.220546035978783,-0.5183485353296958,0.7622293446042786,-0.14464342680871295
3,-0.24260305054528192,-0.17908900548256598,-0.21812516776262664,22,0.9871729617253986,-0.10475853358802964,1.24275711503247,-0.6882754462505218,-0.33883106199779134,-0.4109584611303678,-1.1812412905240843,-0.3591668784570285,1.1524448512903414,-0.12837274590644446
4,-0.2681898228077885,-0.19965920137460513,-0.2085005832165481,29,0.6316058005804598,-0.5247259288184382,1.24275711503247,0.23627366065316419,1.1401181733591041,-0.4109584611303678,-1.2646636074075264,0.11837809216097364,1.4237120020119611,-0.1425325552756419
5,-0.24866763414175827,-0.1644088656821219,-0.20899415165480853,28,0.20492520720653315,-0.38473679707496866,1.24275711503247,0.23627366065316419,1.02635284756242,1.1282118052755032,-1.2646636074075264,-0.040803564711693725,2.5398009833140716,-0.130807938926997
6,0.17892140189991865,0.29613552012826744,0.33615218840384525,25,1.200513258412362,-0.5247259288184382,0.06710986391776985,-0.07190937498139782,0.45752621857899856,-0.10312440784919362,-0.06466566454570667,-0.040803564711693725,1.8242047392998844,0.022760167651453996
7,0.5938180773905678,0.3292058350601943,0.5397491691862759,28,1.3427401228703375,-0.9446933240488466,1.24275711503247,0.5444566962877262,-0.1113004104044228,-0.4109584611303678,-1.2807063606543423,0.11837809216097364,0.2835628567150461,0.3792593287874109
8,-0.26639214952015333,-0.2000392049934177,-0.19788886179394868,25,3.1205759285950316,-0.24474766533149914,1.24275711503247,0.23627366065316419,1.3676488249524728,-0.4109584611303678,-1.266267882732208,0.11837809216097364,1.1863596386626427,-0.14143962308019337
9,1.3923439420015318,2.388495445881752,1.0229526702432448,22,0.4182655038934965,-0.5247259288184382,1.24275711503247,-1.6128245531542078,-1.021423016777897,1.7438799118378516,-1.1050382126017095,0.277559749033641,3.2720435790998748,0.7835193902118527
10,-0.2773062381295426,-0.21445934231783212,-0.25094746890694575,28,0.8449460972674231,-0.24474766533149914,0.3610216766964449,0.5444566962877262,-0.9076576909812127,-0.4109584611303678,-0.39675065675479315,-1.3142568196930327,0.37713066628255665,-0.15118954536745008
11,-0.19969420225276846,-0.1409286420775969,-0.16259871845832738,22,1.7694207162442641,-0.9446933240488466,0.65493348947512,1.1608227675568503,0.9125875217657357,-0.718792514411542,-0.7504933658470809,0.11837809216097364,1.1464154211704316,-0.11266039388554269
12,-0.1186558886729807,-0.12772851637147553,-0.18727714037134927,22,-0.7195494117703078,-0.6647150605619077,0.06710986391776985,-0.38009241061595983,0.685056870172367,-0.4109584611303678,-0.04060153467548301,-0.5183485353296958,0.06692949608985109,-0.09169451700272065
13,-0.29539854759561757,-0.22629945507241372,-0.2642738167399776,28,0.7027192328094476,0.035230598155439864,0.948845302253795,-0.38009241061595983,0.9125875217657357,-0.4109584611303678,-0.9213486879256689,-1.6326201334383674,-0.08846466520888735,-0.158881782973296
14,1.1023254158289386,1.706058946970509,0.5407363060627968,28,-0.008415089480430146,0.8751653886162569,0.65493348947512,-1.304641517519646,0.11623024118894575,0.5125436987131547,-0.5515632255865653,0.5959230627789758,2.7329266299244317,0.4686684025493852
15,-0.28135141876985026,-0.20529925508540245,-0.22725618387044474,29,0.560492368351472,-0.6647150605619077,1.24275711503247,0.5444566962877262,1.7089448023425255,-0.4109584611303678,-1.2943427009141357,-0.3591668784570285,3.074611327009276,-0.15031605183123609
16,-0.2730213122851331,-0.213359331842322,-0.23663398419739307,22,-0.5773225473123323,-0.6647150605619077,1.24275711503247,0.5444566962877262,-1.3627189941679498,-0.718792514411542,-1.2718828463685936,-0.995893505947698,0.13251556685582425,-0.1453879490852191
17,0.11349368847114492,0.15980422183163656,0.20856474711352202,29,-0.07952852170941792,-0.24474766533149914,0.06710986391776985,-0.9964584818850839,-1.021423016777897,-0.10312440784919362,0.019558790000076133,-0.5183485353296958,1.3162110294019813,-0.006181771852762996
18,-0.2525016172727878,-0.1964891711860896,-0.21195556228437118,29,-0.363982250625369,-0.10475853358802964,0.06710986391776985,-0.9964584818850839,-0.9076576909812127,-0.10312440784919362,0.018756652337735342,0.277559749033641,0.5092035264278125,-0.14287078341376738
19,-0.2714328963721764,-0.2024992284204676,-0.2213333626113195,28,0.7027192328094476,0.035230598155439864,1.24275711503247,0.5444566962877262,-0.7938923651845284,-0.718792514411542,-1.2758935346802975,-0.1999852215843611,1.4680160090892889,-0.14440302217747933
20,-0.273443984465775,-0.21015930136811076,-0.24033574748434636,28,0.48937893612248423,1.0151545203597263,-0.5207137616395803,-0.6882754462505218,-0.9076576909812127,-0.718792514411542,0.5810551536386281,-0.995893505947698,0.6373797149297393,-0.15186468694937647
21,0.20464481507065904,-0.09193817553646916,0.03581579372236871,28,-1.7151374629761367,2.415045837794421,-1.4024491999756055,-0.6882754462505218,-0.4525963877944756,-0.718792514411542,1.4561873432524286,-1.1550751628203653,-0.8670407816026321,-0.027665090035922157
22,1.5202290227869875,0.6109185178383347,0.5997177344349192,23,0.06269834274855762,-0.10475853358802964,0.3610216766964449,-1.6128245531542078,-1.3627189941679498,0.20470964543198059,-0.22348892168918283,0.11837809216097364,-0.24520190265021763,0.5714800146838658
23,-0.2180370662442863,-0.17198893786790978,-0.20307133039568329,28,-0.5773225473123323,-1.0846824557923163,-0.5207137616395803,-0.38009241061595983,-0.4525963877944756,1.1282118052755032,0.5529803354567006,0.5959230627789758,0.5327573175091658,-0.1339296617282895
24,3.8972065462128627,2.2204238453190386,3.052506088370166,28,0.2760386394355209,-0.5247259288184382,0.3610216766964449,-0.9964584818850839,1.481414150749157,2.051713965119026,-0.29086848532580906,0.9142863765243106,0.1506396862512051,1.564494674296709
25,-0.2719076750249237,-0.21257932441423302,-0.24329715811390898,28,-0.7906628439992957,-0.24474766533149914,-0.5207137616395803,0.23627366065316419,-1.5902496457613182,-1.3344606209738905,0.5128734523396611,-1.3142568196930327,0.15120076682483674,-0.15123978175926256
26,-0.2096332346447817,-0.16819890177501584,-0.1732104398809268,28,-0.29286881839638124,0.4551979933858484,-0.5207137616395803,1.7771888388259742,-1.021423016777897,1.1282118052755032,0.38533356402747576,0.4367414059063084,0.45340976087236445,-0.12998194925181622
27,-0.2912339100963875,-0.22447943774020607,-0.2625463272060661,27,0.20492520720653315,-0.10475853358802964,0.06710986391776985,0.23627366065316419,-1.1351883425745812,1.1282118052755032,-0.07749986714315929,0.277559749033641,-0.31771377030571285,-0.15729356981236936
28,-0.11705416897991197,-0.026717554433951258,-0.16358585533484823,22,0.7027192328094476,-0.6647150605619077,0.948845302253795,1.1608227675568503,1.3676488249524728,-0.4109584611303678,-1.0472843009131727,-0.3591668784570285,1.8805424710418004,-0.061764603342345036
29,-0.2581997925920126,-0.20014920604096872,-0.23564684732087218,28,0.6316058005804598,0.3152088616423789,0.3610216766964449,1.1608227675568503,0.0024649153922614736,-0.4109584611303678,-0.4512960177939668,-0.3591668784570285,0.5349767090039056,-0.14276069729561677
30,-0.2589919218328484,-0.18092902300523744,-0.1695086765939735,27,2.124987877389203,0.035230598155439864,0.65493348947512,1.1608227675568503,-0.33883106199779134,-0.10312440784919362,-0.7424719892236731,0.5959230627789758,2.2861742925654855,-0.1413545645173059
31,-0.2717424864218662,-0.2147493450795575,-0.25070068468781553,28,-0.363982250625369,-0.10475853358802964,0.06710986391776985,1.4690058031914122,0.3437608927823143,0.5125436987131547,-0.18659058922150654,-0.040803564711693725,-0.15721610903661615,-0.1494873953581443
32,-0.26132008335245,-0.18678907881113677,-0.207266662120897,25,0.2760386394355209,0.4551979933858484,1.24275711503247,-0.6882754462505218,1.02635284756242,-0.4109584611303678,-1.1908669424721738,-0.5183485353296958,2.0059047736267797,-0.1390997130586308
33,-0.24354429298820654,-0.18851909528625724,-0.20529238836785527,28,0.4182655038934965,3.534958891742177,-0.5207137616395803,-0.6882754462505218,0.45752621857899856,-1.0266265676927162,0.5714295016905387,-1.4734384765657,0.6180358662446587,-0.14224137783120996
34,-0.08423374344358621,-0.09715822524752625,-0.17765255582527073,28,-0.7195494117703078,0.035230598155439864,-1.4024491999756055,0.23627366065316419,1.82271012813921,0.20470964543198059,1.3663479250702601,0.7551047196516432,0.24095366091732565,-0.1024340380950879
35,-0.21308334828716266,-0.15004872892909896,-0.17641863472961963,28,0.7738326650384353,-0.38473679707496866,0.3610216766964449,-0.9964584818850839,1.2538834991557886,-0.4109584611303678,-0.2884620723387867,-0.040803564711693725,1.2569498440931823,-0.1250825497548682
36,1.4968941924705241,0.5937783546108407,0.12490489682837777,27,-0.43509568285435674,-0.5247259288184382,0.06710986391776985,-0.38009241061595983,-1.3627189941679498,-0.4109584611303678,-0.026163056753348818,-0.995893505947698,-0.2567077840741301,0.5196290667319554
37,-0.2695761875602941,-0.2155193524124146,-0.23614041575913264,28,0.20492520720653315,1.0151545203597263,-0.8146255744182553,1.7771888388259742,-1.476484319964634,-0.10312440784919362,0.6813223614312267,0.11837809216097364,-0.3851667532405482,-0.15083033844568175
38,-0.237239409863457,-0.19093911833237948,-0.23416614200609087,29,-0.29286881839638124,-0.38473679707496866,0.3610216766964449,1.4690058031914122,-0.9076576909812127,0.5125436987131547,-0.47054732169014574,-0.3591668784570285,0.22902067688756048,-0.1335050282744912
39,1.8604368909183908,1.7560494230348278,1.3649955979577282,10,0.9871729617253986,3.2549806282552383,-1.4024491999756055,-0.07190937498139782,1.3676488249524728,-0.718792514411542,1.3944227432521878,1.073468033396978,1.2365150857194809,0.41424011036901265
40,1.5474069825833074,1.2172142916538142,1.2391356462013166,27,0.7027192328094476,-0.24474766533149914,0.06710986391776985,-0.38009241061595983,-0.5663617135911598,-0.4109584611303678,-0.03177802038973434,0.9142863765243106,0.7962586550238847,0.5399233214867182
41,-0.27067070063659254,-0.20926929289247076,-0.23564684732087218,28,-0.43509568285435674,0.8751653886162569,-0.2268019488609052,0.5444566962877262,0.11623024118894575,-0.4109584611303678,0.18239273545525622,-0.3591668784570285,0.4881627215773551,-0.15008462166518227
42,0.2205810806723316,0.820980518279839,0.26211692266477954,22,-1.0040031406862588,-0.9446933240488466,0.948845302253795,0.5444566962877262,0.9125875217657357,-0.10312440784919362,-0.9959474905233623,-0.040803564711693725,4.824197064369832,0.1160292451163717
43,-0.2732840619423453,-0.20620926375150625,-0.19986313554699045,22,-0.5062091150833445,0.8751653886162569,1.24275711503247,-0.9964584818850839,0.5712915443756829,0.20470964543198059,-1.163594261952587,-0.3591668784570285,1.1951166059252307,-0.14620128825014478
44,-0.0822398393992989,-0.08815813953880712,-0.16358585533484823,29,0.3471520716645087,-0.38473679707496866,-0.2268019488609052,1.4690058031914122,1.2538834991557886,0.5125436987131547,0.099772556234155,0.5959230627789758,0.3588911736799205,-0.0811225399702313
45,-0.25536969053526837,-0.20529925508540245,-0.22182693104957993,2,-0.5773225473123323,-0.10475853358802964,0.06710986391776985,0.23627366065316419,1.7089448023425255,-0.4109584611303678,-0.09675117103933822,-0.5183485353296958,-0.040039837011847455,-0.14341430790080867
46,-0.27225163317323625,-0.21013930117764695,-0.2395953948269557,28,0.20492520720653315,0.17521972989890935,1.24275711503247,0.5444566962877262,-0.4525963877944756,-0.718792514411542,-1.2782999476673198,-0.995893505947698,0.5184314659447569,-0.14488127149080815
47,-0.2120270835786863,-0.14268865883841308,-0.19468066694525585,22,0.9160595294964109,1.0151545203597263,1.24275711503247,-0.07190937498139782,-0.9076576909812127,-0.10312440784919362,-1.2269631372775094,0.4367414059063084,1.5041055611549659,-0.10968154093193766
48,-0.2948098553256612,-0.22589945126313732,-0.2642738167399776,10,-2.9951792430979163,-1.0846824557923163,0.65493348947512,-1.6128245531542078,1.3676488249524728,0.820377751994329,-0.5355204723397496,-1.6326201334383674,0.38218851528997455,-0.15862584475925798
49,-0.257281831764284,-0.19493915642514353,-0.23737433685478374,28,0.7027192328094476,-0.10475853358802964,0.948845302253795,1.7771888388259742,-0.6801270393878441,-0.10312440784919362,-1.0825783580561674,-0.995893505947698,0.9211302536680923,-0.13780308231060442
50,-0.0837597962770959,-0.033307617191780034,0.18437989363876056,22,0.7027192328094476,-0.6647150605619077,1.24275711503247,0.5444566962877262,-0.9076576909812127,-0.718792514411542,-1.2750913970179567,-0.5183485353296958,1.2112954252853299,-0.031136786291851962
51,2.8282638896139223,2.464326168025327,4.39822043528725,28,-0.29286881839638124,-0.5247259288184382,0.948845302253795,-0.07190937498139782,-0.7938923651845284,-0.4109584611303678,-0.9341828905231215,-0.040803564711693725,1.0485464166079792,1.4632938134267282
52,-0.27494370851131833,-0.21542935155532741,-0.2499603320304249,25,0.7738326650384353,-0.38473679707496866,0.3610216766964449,0.5444566962877262,-0.22506573620110706,-0.4109584611303678,-0.40076134506649713,-0.5183485353296958,-0.018299228276341124,-0.15017212204060132
53,0.8218983607929328,0.8394406940779451,0.7934433464521411,24,0.7027192328094476,-0.38473679707496866,0.06710986391776985,-0.9964584818850839,-0.7938923651845284,0.20470964543198059,0.017954514675394554,-0.1999852215843611,1.3474155282040718,0.2585921297714531
54,-0.2074486430855556,-0.1614588375887084,-0.2018374093000322,28,2.7650087674500927,0.17521972989890935,0.3610216766964449,1.7771888388259742,0.9125875217657357,-0.10312440784919362,-0.507445654157822,-0.040803564711693725,0.6465374121068572,-0.12000809478271522
55,-0.2167485397080211,-0.13062854398872947,-0.21565732557132444,22,-0.22175538616739346,0.035230598155439864,0.948845302253795,1.1608227675568503,-1.021423016777897,-0.718792514411542,-1.0304394100040162,0.277559749033641,2.1933991064234193,-0.11635936374299449
56,-0.2640903183986902,-0.19898919499406714,-0.21442340447567335,29,0.7738326650384353,1.155143652103196,1.24275711503247,0.23627366065316419,0.45752621857899856,-0.718792514411542,-1.2598507814334816,1.3918313471423127,1.0802632863636872,-0.1401133634635268
57,-0.26878488980571524,-0.21391933717530898,-0.2462585687434716,27,-0.7195494117703078,-0.24474766533149914,-0.2268019488609052,-0.07190937498139782,0.3437608927823143,0.820377751994329,0.22891671987102197,-1.1550751628203653,-0.2315544446199955,-0.1495353661273394
58,-0.13074486736351174,-0.16782889825143515,-0.1487788021870351,22,-0.363982250625369,2.8350132330248297,-1.1085373871969304,1.7771888388259742,-0.7938923651845284,0.820377751994329,0.9692897822115698,-0.040803564711693725,-0.587569993752442,-0.110847189661329
59,-0.28207786059638307,-0.22006939574293372,-0.23811468951217438,15,-0.29286881839638124,0.17521972989890935,-0.5207137616395803,0.8526397319222883,0.7988221959690514,0.5125436987131547,0.4454938887030349,-0.040803564711693725,-0.22294908459005658,-0.15447927339012638
60,-0.2600490180275818,-0.19898919499406714,-0.22700939965131453,22,-0.363982250625369,0.17521972989890935,0.06710986391776985,-1.6128245531542078,-0.6801270393878441,0.820377751994329,0.0644784990911603,0.7551047196516432,0.7592163232387142,-0.14586621597730876
61,-0.2259655648668722,-0.18271904005174935,-0.225281910117403,22,0.7027192328094476,-0.24474766533149914,0.3610216766964449,0.5444566962877262,-0.7938923651845284,-0.4109584611303678,-0.39675065675479315,-0.040803564711693725,0.2925961624452478,-0.1293359078267655
62,-0.1887676413495242,-0.14864871559663154,-0.2099812885313294,22,0.9871729617253986,0.5951871251293178,1.24275711503247,-0.38009241061595983,1.2538834991557886,-0.4109584611303678,-1.216535347667079,-0.6775301922023632,0.6175346611901777,-0.09626139116603305
63,-0.29548723946303096,-0.22634945554857328,-0.2642738167399776,22,1.5560804195573008,-1.7846281145096636,1.5366689278111452,1.1608227675568503,0.3437608927823143,0.820377751994329,-1.6264276931232222,-1.9509834471837022,-1.7357507969549044,-0.15892564041459306
64,-0.042461814026478174,0.0746734111223856,0.564674375318428,28,1.5560804195573008,0.5951871251293178,1.24275711503247,-1.6128245531542078,0.22999556698563,1.1282118052755032,-1.1138617268874582,0.5959230627789758,2.1097343126816224,-0.017092625376671645
65,-0.18426957786123688,-0.18528906452635027,-0.15815660251398342,28,-1.0040031406862588,-0.38473679707496866,-1.4024491999756055,-0.38009241061595983,0.45752621857899856,-0.4109584611303678,1.4257061120834786,-0.3591668784570285,-0.5424648949596751,-0.12955446532268927
66,-0.27422031546772785,-0.2169793663162735,-0.2435439423330392,28,-0.07952852170941792,0.8751653886162569,-0.8146255744182553,1.7771888388259742,0.5712915443756829,-0.10312440784919362,0.6668838835090926,0.5959230627789758,-0.31218142203693294,-0.15225823663768412
67,-0.2749725333682277,-0.20751927622688648,-0.22083979417305905,28,2.6227819029921173,0.5951871251293178,1.24275711503247,0.23627366065316419,0.3437608927823143,-0.4109584611303678,-1.259048643771141,0.277559749033641,1.229911474375729,-0.14663879226547802
68,2.011259905913635,0.3862763785487054,0.3630516682890391,10,1.2716266906413498,-0.5247259288184382,0.06710986391776985,0.23627366065316419,-1.1351883425745812,-0.4109584611303678,-0.0766977294808185,-0.8367118490750306,-0.8772800010367979,0.7277302994194677
69,0.2405497774583712,0.12715391089944997,0.16142896125965017,10,-0.15064195393840568,3.3949697599987076,-0.5207137616395803,-0.6882754462505218,-1.2489536683712654,-0.718792514411542,0.5834615666256505,0.11837809216097364,0.3959346600236994,0.012763572132390698
70,15.120880493536516,18.988283527328996,18.9799595910345,22,0.48937893612248423,0.035230598155439864,0.948845302253795,-0.6882754462505218,-1.021423016777897,-0.10312440784919362,-0.8844503554579927,0.11837809216097364,2.2931052639408223,7.68731619281529
71,-0.27134281869433463,-0.21188931784323123,-0.22774975230870517,25,1.4849669873283131,-0.9446933240488466,1.24275711503247,0.5444566962877262,-1.2489536683712654,-0.10312440784919362,-1.273487121693275,0.11837809216097364,0.19941487544386577,-0.1443653205396633
72,-0.2736241398214585,-0.2182993788868856,-0.24551821608608096,27,-0.15064195393840568,0.17521972989890935,-1.1085373871969304,0.23627366065316419,-1.5902496457613182,0.820377751994329,1.097631808186096,-1.4734384765657,-0.5460627008434379,-0.1527317604888702
73,-0.18040067230741333,-0.11775842142526112,-0.0994219583609913,29,0.2760386394355209,-0.24474766533149914,0.65493348947512,0.8526397319222883,-0.7938923651845284,0.20470964543198059,-0.7151993087040862,-0.5183485353296958,1.3140098658679706,-0.1040789111022576
74,-0.18628371473777788,-0.15331876006993356,-0.19936956710873,28,-0.008415089480430146,3.2549806282552383,-0.5207137616395803,-1.304641517519646,-0.5663617135911598,-0.10312440784919362,0.6251727250673715,0.4367414059063084,0.4257892698048009,-0.12431609200589265
75,-0.25681481364993536,-0.20027920727898355,-0.2122023465035014,28,0.20492520720653315,0.5951871251293178,-0.2268019488609052,0.23627366065316419,1.82271012813921,-0.4109584611303678,0.19522693805270883,-0.040803564711693725,0.44281119710301986,-0.14519598754923382
76,-0.2670182586716748,-0.2042792453717476,-0.22429477324088212,22,0.7027192328094476,-1.0846824557923163,0.948845302253795,-0.6882754462505218,0.0024649153922614736,0.5125436987131547,-0.8916695944190597,0.11837809216097364,0.7693361411244432,-0.14439612441247507
77,-0.2828467082220229,-0.2219394135513009,-0.2553895848512897,28,-0.15064195393840568,-0.38473679707496866,-1.6963610127542805,-0.07190937498139782,1.2538834991557886,-4.412801153785632,1.6888072653312574,-0.6775301922023632,-0.608849865023537,-0.15576482397493452
78,-0.13224015681568438,-0.09994825181722918,-0.12064540120619013,29,1.200513258412362,-0.9446933240488466,-0.2268019488609052,1.4690058031914122,-0.22506573620110706,0.20470964543198059,0.11020034584458524,-0.6775301922023632,0.7669716950329121,-0.09954403871393781
79,0.30719534109156504,-0.04227770261480343,0.03877720435193134,28,-0.43509568285435674,-0.6647150605619077,-0.2268019488609052,-0.9964584818850839,-1.5902496457613182,0.20470964543198059,0.31634972506616793,0.4367414059063084,-0.7485086148941723,0.04807266058244137
80,0.8498884055002566,0.3242157875394711,-0.009345718378461368,22,-0.5773225473123323,-0.24474766533149914,-0.2268019488609052,-1.304641517519646,-1.5902496457613182,0.5125436987131547,0.3396117172740508,-0.1999852215843611,-0.18197175684884467,0.23200762264603272
81,-0.2872350155243862,-0.22239941793196877,-0.25366209531737816,29,-0.64843597954132,0.4551979933858484,-0.8146255744182553,-0.07190937498139782,-0.7938923651845284,-0.718792514411542,0.8241028653278871,0.9142863765243106,-0.19025952077370767,-0.15643784585949289
82,-0.1778122555893706,-0.19833918880399298,-0.19936956710873,28,-1.0751165729152468,-0.38473679707496866,-1.6963610127542805,-0.07190937498139782,1.2538834991557886,0.20470964543198059,1.6880051276689165,1.073468033396978,-0.9663895538808519,-0.12945872342611803
83,-0.26064796529470785,-0.19749918080451254,-0.2136830518182827,29,1.9827610129312274,-0.38473679707496866,0.948845302253795,0.5444566962877262,1.2538834991557886,0.5125436987131547,-0.9983539035103847,-0.040803564711693725,0.9403063609990137,-0.1403466017161828
84,-0.22039155816202619,-0.17074892605915293,-0.18036718223570314,22,-0.07952852170941792,-0.38473679707496866,-0.2268019488609052,1.4690058031914122,1.481414150749157,-0.10312440784919362,0.09816828090947341,0.7551047196516432,0.6572423545053792,-0.131516601607089
85,3.589639502586273,3.368294776609076,0.9953128377006601,22,0.48937893612248423,-0.10475853358802964,0.948845302253795,-0.9964584818850839,-0.7938923651845284,-0.10312440784919362,-0.8611883632501097,-0.3591668784570285,1.2550098283188023,1.8001430811886894
86,-0.24156535569654522,-0.18071902100536733,-0.21787838354349642,28,-1.28845686960221,0.7351762568727874,-0.5207137616395803,0.23627366065316419,1.3676488249524728,0.820377751994329,0.49121573545645986,0.4367414059063084,0.9991755928629686,-0.14124626145274663
87,0.12767440942220365,-0.09646821867652444,0.1473622607692277,10,0.9160595294964109,3.8149371552291163,-1.1085373871969304,-1.304641517519646,0.45752621857899856,-0.4109584611303678,1.2043161172774208,0.5959230627789758,-0.7436348542240276,-0.041760209887974506
88,-0.22663518846584332,-0.18162902967147115,-0.21713803088610578,28,1.6983072840152764,0.035230598155439864,1.24275711503247,0.8526397319222883,-0.5663617135911598,-0.4109584611303678,-1.3023640775375436,-0.3591668784570285,0.36348680848480913,-0.11682406473652647
89,-0.13031886923784178,-0.07514801564209204,-0.18752392459047948,22,1.1293998261833742,0.17521972989890935,1.24275711503247,-1.304641517519646,0.9125875217657357,0.20470964543198059,-1.1435408203940673,-0.3591668784570285,1.2231898298471584,-0.0651107424484237
90,-0.2926266495768634,-0.22530944564445463,-0.2603252692338941,27,0.48937893612248423,-1.7846281145096636,3.0062279917045207,-0.9964584818850839,0.9125875217657357,0.5125436987131547,-2.9234842931282774,0.4367414059063084,-0.5644038877060127,-0.1508998636638572
91,-0.25037439826529473,-0.17416895862846618,-0.1890046299052608,22,0.2760386394355209,0.7351762568727874,1.24275711503247,-0.9964584818850839,1.481414150749157,-0.10312440784919362,-1.1700113632513134,-0.1999852215843611,2.002335355525183,-0.13299537714172316
92,-0.2685027388025064,-0.21625935945957594,-0.23021759450000737,29,0.4182655038934965,0.7351762568727874,-0.5207137616395803,-1.304641517519646,-0.6801270393878441,-0.10312440784919362,0.6259748627297124,-0.8367118490750306,-0.5274883901252582,-0.1503781304577881
93,0.8943285743160794,1.2109642321338703,0.1616757454787804,22,1.4849669873283131,-0.24474766533149914,1.24275711503247,0.23627366065316419,-0.1113004104044228,-0.4109584611303678,-1.2558400931217777,-0.040803564711693725,2.1690633650523177,0.552678640289131
94,0.012088950512385668,0.0679633472217739,-0.05376687782190079,28,0.9160595294964109,-0.8047041923053772,1.24275711503247,0.5444566962877262,0.3437608927823143,-0.4109584611303678,-1.2839149113037054,-0.995893505947698,1.3572150234273068,0.02749630003211931
95,-0.22983447042069577,-0.18481906005045048,-0.23416614200609087,28,0.06269834274855762,-0.8047041923053772,1.24275711503247,0.5444566962877262,-1.476484319964634,0.820377751994329,-1.2718828463685936,0.4367414059063084,0.3087282849035205,-0.11936187809983471
96,-0.06526227584177596,0.030732992673372463,0.010890587590216591,28,0.3471520716645087,0.035230598155439864,0.3610216766964449,-0.9964584818850839,-0.9076576909812127,0.20470964543198059,-0.2740235944166525,-0.6775301922023632,1.8736426274415923,-0.06480752855602491
97,-0.15748962281993445,-0.13054854322687418,-0.16087122892441583,22,-0.22175538616739346,-0.38473679707496866,0.65493348947512,-0.9964584818850839,1.82271012813921,-0.4109584611303678,-0.5852530074048785,-0.040803564711693725,0.5081331320040045,-0.09622157578017775
98,0.07004409694949544,-0.06806794821789966,-0.12286645917836211,22,0.06269834274855762,-0.5247259288184382,-0.5207137616395803,-0.9964584818850839,0.11623024118894575,-0.10312440784919362,0.5979000445477848,-1.4734384765657,-0.33607854840581475,-0.04227484065616291
99,-0.2744043510926107,-0.2120693195574056,-0.24428429499042986,28,0.560492368351472,-0.5247259288184382,1.24275711503247,0.23627366065316419,1.481414150749157,-0.718792514411542,-1.2670700203945489,-0.3591668784570285,0.45271691577210993,-0.14625042066220134
100,-0.25859807450911587,-0.21113931070083797,-0.24403751077129965,10,1.3427401228703375,-0.6647150605619077,0.3610216766964449,1.1608227675568503,-1.3627189941679498,-0.4109584611303678,-0.4416703658458773,-0.6775301922023632,-0.40328649730713906,-0.14298586106033886
101,-0.11068637006171608,0.012772821636861862,-0.12434716449314343,22,0.2760386394355209,-0.8047041923053772,0.65493348947512,1.4690058031914122,0.45752621857899856,0.20470964543198059,-0.772953220392623,0.277559749033641,2.4466521058077166,-0.06890010981171636
102,-0.27054071161841475,-0.20856928622623705,-0.23737433685478374,29,1.2716266906413498,1.0151545203597263,1.24275711503247,-0.07190937498139782,0.7988221959690514,-0.4109584611303678,-1.2381930645502803,1.073468033396978,0.5672481896279281,-0.1441299728317426
103,-0.28976827698738117,-0.22471944002577193,-0.26353346408258693,27,-0.9328897084572711,-1.5046498510227246,-0.2268019488609052,0.23627366065316419,1.1401181733591041,-1.6422946742550646,0.20003976402675358,0.5959230627789758,-0.8159549350039786,-0.1569009745818276
104,-0.22440597381082483,-0.14860871521570387,-0.11669685370010663,28,1.0582863939543863,-0.5247259288184382,2.7123161789258456,-0.6882754462505218,-0.9076576909812127,-1.0266265676927162,-2.6419339736466605,-0.8367118490750306,1.7990743227710255,-0.036205999133342937
105,0.8695816031731434,1.1605537520698115,1.4817245336063218,29,2.2672147418471784,0.8751653886162569,1.24275711503247,-0.38009241061595983,0.3437608927823143,-0.4109584611303678,-1.2101182463683529,-0.3591668784570285,2.1121426428953796,0.5231729666299307
106,-0.2622172570237536,-0.20621926384673817,-0.23441292622522109,29,-0.8617762762282833,-0.10475853358802964,0.65493348947512,-0.6882754462505218,-1.3627189941679498,-1.0266265676927162,-0.5876594203919009,-0.995893505947698,0.2195083676371323,-0.14379714064787913
107,-0.09091833862569931,-0.13695860427052858,-0.10657870071576765,28,-0.008415089480430146,-0.5247259288184382,-1.6963610127542805,1.1608227675568503,0.9125875217657357,-0.4109584611303678,1.5933528835127033,1.8693763177603147,-0.32332565110725225,-0.10672060526147055
108,-0.26902103190270343,-0.20694927079866762,-0.25341531109824794,24,-0.29286881839638124,-1.7846281145096636,1.5366689278111452,-1.304641517519646,1.1401181733591041,0.5125436987131547,-1.4379253424731369,-0.995893505947698,0.6328481390986418,-0.1416107637000122
109,-0.24701408513866982,-0.19129912176072825,-0.22330763636436124,28,0.7027192328094476,0.035230598155439864,0.65493348947512,-0.9964584818850839,1.3676488249524728,-0.10312440784919362,-0.5828465944178561,-0.040803564711693725,0.6011401147918506,-0.13692078810555242
110,-0.2876601821637991,-0.22259941983660697,-0.2521813900025969,28,0.20492520720653315,0.035230598155439864,-1.1085373871969304,0.23627366065316419,0.0024649153922614736,0.20470964543198059,1.086401880913325,-1.4734384765657,-0.18890752052225418,-0.1567052916592926
111,-0.2642751855098299,-0.20626926432289772,-0.22774975230870517,25,-0.8617762762282833,0.17521972989890935,-0.5207137616395803,1.7771888388259742,0.9125875217657357,-0.4109584611303678,0.3724993614300231,0.9142863765243106,0.34321037484955536,-0.14836950728012868
112,2.4302971058020613,2.683158251985217,2.2820457562456222,24,0.3471520716645087,1.155143652103196,1.24275711503247,-0.38009241061595983,-0.4525963877944756,-1.6422946742550646,-1.2045032827319673,0.5959230627789758,1.7145622660047157,1.4327826021485408
113,0.06521537909300756,-0.22634945554857328,-0.2642738167399776,22,-1.4306837340601855,0.17521972989890935,1.8305807405898202,1.1608227675568503,0.9125875217657357,1.4360458585566775,-1.923218628189314,-1.6326201334383674,-1.7357507969549044,0.15585935278424057
114,-0.17095110815868772,-0.14699869988336636,-0.1786396927017916,27,1.5560804195573008,-0.38473679707496866,0.65493348947512,-0.07190937498139782,-1.1351883425745812,-0.10312440784919362,-0.6389962307817113,0.5959230627789758,0.32371612097871,-0.10122753722476423
115,0.17043386735054267,0.012452818589440737,-0.07030142050362546,28,0.20492520720653315,-0.10475853358802964,0.3610216766964449,1.1608227675568503,-0.22506573620110706,-0.10312440784919362,-0.450493880131626,-0.3591668784570285,-0.07903018938718111,0.04303774781432925
116,-0.2612981875476823,-0.19798918547087613,-0.241076100141737,22,0.2760386394355209,0.035230598155439864,0.948845302253795,0.5444566962877262,1.1401181733591041,-0.4109584611303678,-0.996749628185703,-0.3591668784570285,0.9448713514705883,-0.14070567960709196
117,1.4894338206106295,1.4763167591126056,1.8047650764477785,28,1.9827610129312274,-0.24474766533149914,0.65493348947512,-1.304641517519646,0.22999556698563,-0.10312440784919362,-0.5523653632489062,0.4367414059063084,1.3477225354579685,0.642701801547014
118,-0.2669445335568874,-0.21004930032055974,-0.22824332074696563,28,-1.4306837340601855,-0.38473679707496866,-0.5207137616395803,1.7771888388259742,-0.22506573620110706,0.820377751994329,0.37971860039109023,0.4367414059063084,0.109626705064368,-0.14929117545767945
119,-0.27152491418461777,-0.21431934098458538,-0.2462585687434716,10,1.1293998261833742,-0.6647150605619077,0.65493348947512,-0.38009241061595983,-0.7938923651845284,-0.4109584611303678,-0.6157342385738285,-0.6775301922023632,-0.11355963812123035,-0.14791936307772588
120,-0.10319661902074079,-0.1043182934335739,-0.16481977643049933,27,-0.363982250625369,-0.38473679707496866,0.65493348947512,0.8526397319222883,0.0024649153922614736,0.20470964543198059,-0.7208142723404718,0.5959230627789758,0.3155216588351193,-0.06709049843278103
121,-0.2738771888056723,-0.2125693243190011,-0.23465971044435133,22,-0.43509568285435674,0.035230598155439864,0.06710986391776985,0.8526397319222883,-0.4525963877944756,-0.4109584611303678,-0.13124309051999214,0.277559749033641,0.3245954525464944,-0.1504827901360049
122,2.6995420564918384,2.1270929565196215,3.8844156910581344,28,0.7738326650384353,-0.8047041923053772,1.24275711503247,0.23627366065316419,0.3437608927823143,0.20470964543198059,-1.2598507814334816,0.5959230627789758,0.8042457094107995,1.6357352249888508
123,-0.2579287280722304,-0.1918491269984833,-0.22503512589827276,28,0.7738326650384353,0.7351762568727874,0.948845302253795,1.1608227675568503,0.3437608927823143,-0.4109584611303678,-1.0400650619521057,-0.040803564711693725,1.2327549431334954,-0.13853868495485114
124,0.5921102046186887,0.30933564583438883,0.5412298745010572,28,0.1338117749775454,-0.10475853358802964,-0.2268019488609052,0.23627366065316419,1.2538834991557886,1.4360458585566775,0.198435488702072,-0.3591668784570285,0.21508582081332164,0.15598663918855724
125,-0.21357669679964966,-0.17242894205811382,-0.23317900512957002,1,-0.5062091150833445,-0.24474766533149914,0.3610216766964449,-0.6882754462505218,0.3437608927823143,-0.718792514411542,-0.3069112385726248,-0.6775301922023632,0.3918798621650796,-0.12508296677081135
126,0.18032051610836491,-0.04601773823153782,-0.10485121118185613,10,0.7738326650384353,-1.0846824557923163,1.24275711503247,-0.9964584818850839,-0.6801270393878441,0.820377751994329,-1.1547707476668385,-1.4734384765657,-0.5106721070749537,0.11269978779177517
127,0.6064311695850948,0.3295158380123835,0.1824056198857188,28,-0.64843597954132,-0.5247259288184382,0.65493348947512,-0.38009241061595983,-0.33883106199779134,-0.10312440784919362,-0.6197449268855324,-0.5183485353296958,0.256434611008942,0.2560342340702748
128,-0.1954538995041513,-0.16096883292234482,-0.20800701477828767,26,-0.43509568285435674,-0.24474766533149914,0.06710986391776985,0.5444566962877262,-0.22506573620110706,1.4360458585566775,-0.10878323597445004,-0.3591668784570285,0.3767425856876666,-0.12010083722336012
129,-0.20718062734871576,-0.1526687538798594,-0.2161508940095849,27,-0.5773225473123323,-0.38473679707496866,0.3610216766964449,0.8526397319222883,0.22999556698563,-0.10312440784919362,-0.4296383009107655,0.5959230627789758,0.9610332588700585,-0.12092040956956703
130,0.40199890965599694,0.37248624722390133,0.8773499809564155,28,-0.22175538616739346,-0.24474766533149914,-0.2268019488609052,-1.6128245531542078,-0.33883106199779134,-0.10312440784919362,0.3556544705208666,-0.6775301922023632,1.0394743031046807,0.07811176490242554
131,-0.28507980314624076,-0.22160941040864787,-0.25588315328955014,28,-0.5062091150833445,0.8751653886162569,-0.8146255744182553,-0.6882754462505218,-0.7938923651845284,-0.4109584611303678,0.8730332627306753,-0.6775301922023632,-0.2648694444514206,-0.1558232897938278
132,-0.295485576490517,-0.22634945554857328,-0.2642738167399776,27,3.333916225281995,5.774784999637689,3.0062279917045207,0.5444566962877262,-0.9076576909812127,-0.4109584611303678,-3.0325750152066244,-0.6775301922023632,-1.7357507969549044,-0.15889160419294127
133,0.8970320132996739,0.23716495854569336,0.1162674491588201,1,0.2760386394355209,-0.38473679707496866,0.3610216766964449,-0.6882754462505218,-0.6801270393878441,-0.4109584611303678,-0.29969199961155774,-0.995893505947698,-0.4793552230576641,0.3326667975020714
134,2.685070592512915,1.0676928677462938,0.9479302676276582,28,0.8449460972674231,-0.6647150605619077,0.06710986391776985,-0.07190937498139782,-0.33883106199779134,-5.028469260347981,-0.05824856324698036,0.4367414059063084,-0.3323505793507848,0.9803578290529634
135,-0.20209442591464338,-0.1984691900420078,-0.18653678771395862,28,-1.4306837340601855,0.5951871251293178,-0.8146255744182553,-1.6128245531542078,0.685056870172367,0.20470964543198059,0.9339957250685752,0.5959230627789758,-0.7708745570706361,-0.1314484273369638
136,-0.2571468538285642,-0.1826690395755898,-0.2035648988339437,28,0.20492520720653315,0.3152088616423789,1.24275711503247,-0.9964584818850839,0.7988221959690514,0.20470964543198059,-1.1651985372772686,-1.1550751628203653,1.9460097822439988,-0.1369362811422377
137,-0.26709780419026113,-0.1983691890896887,-0.22182693104957993,28,-0.22175538616739346,-0.10475853358802964,0.948845302253795,1.1608227675568503,-0.33883106199779134,-0.4109584611303678,-1.035252235978061,-0.995893505947698,1.449054908920145,-0.14354781384683277
138,-0.253334212178131,-0.19799918556610804,-0.1941870985069954,28,1.6271938517862885,-0.10475853358802964,0.3610216766964449,-1.6128245531542078,-0.1113004104044228,-0.10312440784919362,-0.2323124359749315,-0.040803564711693725,0.43776768026599105,-0.14192417496480061
139,-0.15107165756423288,-0.15401876673616727,-0.18234145598874488,22,-0.5773225473123323,1.5751110473336043,-0.5207137616395803,1.1608227675568503,0.22999556698563,-0.10312440784919362,0.4254404471445152,0.9142863765243106,-0.116879983484816,-0.11075044515578865
140,2.4660806711962513,2.544396930547231,2.7171263345721983,28,0.7027192328094476,-0.10475853358802964,0.3610216766964449,-0.9964584818850839,0.45752621857899856,-0.4109584611303678,-0.28284710870240115,0.7551047196516432,1.5074329185886486,0.9732816455314356
141,-0.28570840675653314,-0.22450943802590181,-0.2630398956443265,22,0.4182655038934965,-1.2246715875357856,-0.5207137616395803,-0.38009241061595983,-1.021423016777897,1.4360458585566775,0.5569910237684045,1.073468033396978,-1.1281076353431219,-0.15577618730019857
142,-0.28136777133290464,-0.21634936031666313,-0.20924093587393877,28,2.0538744451602153,-0.24474766533149914,0.06710986391776985,-0.07190937498139782,1.3676488249524728,-0.4109584611303678,-0.0702806281820922,0.5959230627789758,0.5521017272740224,-0.15351219750453582
143,-0.1903103255183459,-0.09134816991778645,-0.1969017249174278,27,0.560492368351472,-0.10475853358802964,0.06710986391776985,1.7771888388259742,-0.5663617135911598,-0.10312440784919362,-0.2042376177930039,-0.1999852215843611,2.4129351068448255,-0.1168759007552174
144,-0.256817585270792,-0.18655907662080284,-0.22799653652783541,22,0.3471520716645087,0.035230598155439864,1.24275711503247,-1.6128245531542078,-0.6801270393878441,0.20470964543198059,-1.1074446255887318,0.277559749033641,1.589573074018282,-0.13731204825053975
145,-0.2652377694333509,-0.20459924841916874,-0.2447778634286903,28,0.2760386394355209,-0.24474766533149914,0.3610216766964449,-0.6882754462505218,1.7089448023425255,-0.10312440784919362,-0.3173390281830551,-1.1550751628203653,0.5877473933428693,-0.1463868145143027
146,-0.28165019949819914,-0.2191893873625256,-0.24453107920956008,28,-0.7195494117703078,0.17521972989890935,-1.1085373871969304,-0.07190937498139782,-0.33883106199779134,1.1282118052755032,1.112872423770571,-0.1999852215843611,-0.0642357959665843,-0.15502041836327374
147,0.7541064547734208,0.70067937263996,0.2566876698439147,27,2.124987877389203,-0.10475853358802964,0.948845302253795,1.1608227675568503,-1.2489536683712654,0.20470964543198059,-1.0296372723416753,0.11837809216097364,1.1192097596244261,0.4083139774931101
148,-0.27329126815657256,-0.21359933412788784,-0.23219186825304913,29,-0.43509568285435674,-0.24474766533149914,0.06710986391776985,-0.07190937498139782,0.5712915443756829,-0.4109584611303678,-0.06546780220804746,0.5959230627789758,0.12029123048887125,-0.15042618719587234
149,0.794103715356004,0.42732676947569653,0.5441912851306199,28,0.20492520720653315,0.035230598155439864,0.06710986391776985,-0.9964584818850839,0.45752621857899856,-0.10312440784919362,0.00913100038964588,1.2326496902696453,0.20347075387224609,0.24926742409627586
150,-0.281881629839731,-0.2190893864102065,-0.24181645279912767,29,-0.64843597954132,-1.3646607192792553,2.7123161789258456,-0.6882754462505218,0.0024649153922614736,1.1282118052755032,-2.6491532126077275,4.893827798340994,-0.012081131001060605,-0.13519511011711405
151,-0.273927355143178,-0.20394924222909458,-0.23712755263565352,22,1.6271938517862885,-0.9446933240488466,0.948845302253795,-1.304641517519646,-0.4525963877944756,0.20470964543198059,-0.8403327840292493,-0.995893505947698,1.6212228378252906,-0.14814560242925612
152,0.18966448150245144,0.22161481046007311,1.3830108459542343,29,2.9783490641370562,2.2750567060509517,0.948845302253795,-0.38009241061595983,-0.22506573620110706,0.20470964543198059,-0.9141294489646018,0.9142863765243106,1.2488712639232513,0.09096889657201632
153,-0.2833419968691096,-0.21500934755558718,-0.2447778634286903,28,-0.7195494117703078,0.035230598155439864,0.65493348947512,0.23627366065316419,0.22999556698563,1.7438799118378516,-0.6726860126000245,-0.5183485353296958,1.280074238770886,-0.15323075778552378
154,-0.14519582134809564,-0.149708725691214,-0.19616137226003716,24,-0.29286881839638124,0.035230598155439864,-0.5207137616395803,1.4690058031914122,-0.4525963877944756,-0.10312440784919362,0.40538700558599544,-0.1999852215843611,-0.0874737752964326,-0.10852432548120004
155,-0.22062908606944268,-0.19024911176137768,-0.22330763636436124,28,-1.4306837340601855,0.4551979933858484,-0.2268019488609052,-0.6882754462505218,1.2538834991557886,0.820377751994329,0.27143001597508376,0.4367414059063084,-0.17709741870100057,-0.13290126216457757
156,0.32129263625483806,0.3040055950757807,0.27001401767694655,28,-0.5773225473123323,-0.8047041923053772,0.948845302253795,0.5444566962877262,1.7089448023425255,0.20470964543198059,-1.0015624541597479,0.7551047196516432,1.0437183870106768,0.17046436172984655
157,0.20062125307303336,0.13609399603677763,0.1305809338683728,22,0.2760386394355209,-0.24474766533149914,-0.2268019488609052,-0.9964584818850839,-1.1351883425745812,1.1282118052755032,0.3131411744168048,1.55101300401498,0.6257458410062635,0.011616096707559627
158,-0.29319316887996644,-0.2254994474538609,-0.2625463272060661,27,-0.7195494117703078,0.7351762568727874,0.06710986391776985,0.5444566962877262,-0.6801270393878441,1.1282118052755032,-0.10557468532508689,0.7551047196516432,-0.5429499377505329,-0.15803924474604647
159,-0.23085304108552146,-0.1928191362359786,-0.23540006310174197,28,-0.43509568285435674,-0.5247259288184382,-0.5207137616395803,-0.38009241061595983,0.22999556698563,-0.4109584611303678,0.5489696471449966,0.5959230627789758,-0.05909469920799287,-0.13804515022742683
160,-0.2800127258960794,-0.21979939317167213,-0.2447778634286903,28,-1.7151374629761367,-0.24474766533149914,-1.6963610127542805,1.1608227675568503,-0.33883106199779134,1.1282118052755032,1.6013742601361114,0.9142863765243106,-0.3683493886996187,-0.15498707356902552
161,-0.25693343902260074,-0.19841918956584825,-0.22750296808957496,29,0.3471520716645087,-0.24474766533149914,0.65493348947512,0.23627366065316419,-0.9076576909812127,-0.4109584611303678,-0.6638624983142758,-0.1999852215843611,0.6054233617850127,-0.1409014318897447
162,-0.26791626382923533,-0.2124593232714501,-0.23441292622522109,15,-0.7906628439992957,-0.24474766533149914,-0.2268019488609052,-0.38009241061595983,-0.6801270393878441,0.20470964543198059,0.26100222636465353,-0.5183485353296958,-0.10781295212261197,-0.1493153671470626
163,0.8070890362315816,0.15310415802625676,0.046674299364098344,25,-0.5062091150833445,3.9549262869725856,-1.6963610127542805,-1.6128245531542078,0.11623024118894575,1.7438799118378516,1.8171492913057834,1.073468033396978,-0.6233063754729139,0.11034100634120438
164,-0.2543572174363274,-0.19520915899640512,-0.21664446244784533,28,-0.5062091150833445,-0.6647150605619077,0.948845302253795,1.7771888388259742,-1.476484319964634,2.051713965119026,-1.0769633944197818,-0.995893505947698,0.7110369374765988,-0.13624156904935522
165,-0.26596310261154105,-0.20790927994093097,-0.2474924898391227,28,-0.22175538616739346,-0.10475853358802964,0.3610216766964449,-0.6882754462505218,-0.5663617135911598,-0.4109584611303678,-0.3004941372738985,-1.4734384765657,0.2825283436677446,-0.14675459701003957
166,6.15000131999362,2.599507455370288,2.7230491558313235,27,-0.07952852170941792,0.17521972989890935,-1.6963610127542805,-1.6128245531542078,-0.9076576909812127,-3.4892989939421097,1.8251706679291912,1.073468033396978,-0.3185686414740131,1.412759704177822
167,-0.2626535101465932,-0.2052692547997067,-0.22626904699392386,22,-0.008415089480430146,0.035230598155439864,0.948845302253795,1.4690058031914122,-1.476484319964634,-0.10312440784919362,-1.0528992645495583,-0.6775301922023632,0.3389806325461739,-0.14100506845545757
168,0.23254367345179855,0.08455350521151281,0.15599970843878536,15,-0.8617762762282833,-0.24474766533149914,-0.2268019488609052,-0.6882754462505218,-0.5663617135911598,-0.4109584611303678,0.28506635623487714,0.4367414059063084,0.1674724931631553,0.023981683704410617
169,-0.21513545636944004,-0.1763589794842545,-0.1278021435609665,22,-1.2173434373732221,-0.5247259288184382,1.24275711503247,0.5444566962877262,0.9125875217657357,-0.4109584611303678,-1.2879255996154093,-0.3591668784570285,0.2750674079335129,-0.11013172349606684
170,-0.2583004024291097,-0.209909298987313,-0.2176315993243662,29,-0.15064195393840568,-0.38473679707496866,-0.5207137616395803,-0.38009241061595983,1.3676488249524728,-0.4109584611303678,0.5409482705215888,-0.6775301922023632,-0.30705866585744074,-0.1468891942929541
171,-0.25926852959434393,-0.21647936155467798,-0.248973195153904,24,-0.5062091150833445,-0.24474766533149914,-1.4024491999756055,1.7771888388259742,-0.6801270393878441,0.5125436987131547,1.2612678913036168,2.1877396315056497,-0.8550927347263317,-0.14902440435080508
172,0.685186221903159,0.05715324427607904,0.44424367638288115,28,-0.43509568285435674,4.094915418716055,-0.5207137616395803,0.23627366065316419,0.9125875217657357,-4.412801153785632,0.4952264237681638,-1.1550751628203653,-0.8012910723814521,0.16233909710180533
173,-0.24920200264292394,-0.20289923222974401,-0.18752392459047948,28,-0.7906628439992957,0.8751653886162569,-0.8146255744182553,1.1608227675568503,-1.2489536683712654,-0.718792514411542,0.729450621171674,-0.6775301922023632,-0.09837613411229296,-0.1446314579032809
174,-0.26008532626080416,-0.20813928213126492,-0.24428429499042986,28,0.20492520720653315,-0.10475853358802964,-1.1085373871969304,1.7771888388259742,-1.3627189941679498,0.20470964543198059,0.9733004705232738,0.7551047196516432,-0.07347245837445622,-0.14860666971733585
175,-0.0037187118815374814,-0.10112826305459457,-0.1786396927017916,22,-0.07952852170941792,-0.10475853358802964,0.06710986391776985,-0.6882754462505218,-0.5663617135911598,-0.4109584611303678,-0.007713890519510681,1.073468033396978,-0.34849243969273497,-0.04907637050508225
176,0.12287784236765315,0.010052795733782306,-0.0162556765141075,22,0.48937893612248423,-0.5247259288184382,0.3610216766964449,-0.07190937498139782,-0.6801270393878441,-0.4109584611303678,-0.34862239701434583,-0.6775301922023632,0.09074375429000928,0.01632205930535427
177,-0.24736996125666608,-0.1941291487113588,-0.2265158312130541,22,0.06269834274855762,-0.5247259288184382,-0.2268019488609052,0.8526397319222883,0.3437608927823143,-0.4109584611303678,0.15592219259801018,-0.6775301922023632,0.42834039629545256,-0.1416518313434573
178,-0.2651950864721582,-0.2025892292775548,-0.23441292622522109,28,0.48937893612248423,-0.6647150605619077,0.948845302253795,0.8526397319222883,1.7089448023425255,-0.4109584611303678,-1.0256265840299714,-0.6775301922023632,0.7988953221657269,-0.14258425252450824
179,-0.2727893276194299,-0.21480934565094897,-0.24255680545651834,15,-0.7906628439992957,-0.38473679707496866,-0.2268019488609052,1.7771888388259742,-0.22506573620110706,-0.10312440784919362,0.0861362159743616,0.5959230627789758,-0.09298460860328861,-0.1506147339981245
180,-0.24361857242716525,-0.18617907300199027,-0.22947724184261672,28,1.3427401228703375,-0.5247259288184382,0.65493348947512,-0.6882754462505218,-0.9076576909812127,-0.10312440784919362,-0.5916701087036048,-0.5183485353296958,0.7672095510525409,-0.13530456233598376
181,-0.1886698031332838,-0.12508849123025126,-0.13273782794357086,22,0.1338117749775454,-0.8047041923053772,0.948845302253795,-0.6882754462505218,0.45752621857899856,-0.4109584611303678,-0.8940760074060821,-0.3591668784570285,1.328283210170262,-0.10435155582766213
182,-0.2685806213485788,-0.2179793758394645,-0.23638719997826285,28,-0.15064195393840568,-0.8047041923053772,-1.4024491999756055,-0.38009241061595983,0.685056870172367,1.4360458585566775,1.4232996990964562,0.9142863765243106,-0.7305556402527505,-0.15181966970271443
183,-0.23927738267936538,-0.17642898015087788,-0.2045520357104646,28,1.4849669873283131,-0.5247259288184382,0.65493348947512,-0.38009241061595983,-1.1351883425745812,-0.10312440784919362,-0.6141299632491469,0.5959230627789758,1.1345368093390977,-0.13311919327979585
184,-0.2954833591938316,-0.22634945554857328,-0.2642738167399776,22,1.8405341484732518,-1.7846281145096636,0.948845302253795,0.8526397319222883,-1.021423016777897,-1.6422946742550646,-1.0063752801337924,-2.054451524150936,-1.7357507969549044,-0.15892535043767175
185,0.22263069429583796,-0.0626778968879001,-0.14186884405138897,28,-1.0751165729152468,-0.24474766533149914,-0.8146255744182553,-0.6882754462505218,-1.5902496457613182,0.5125436987131547,0.8778460887047199,-1.3142568196930327,-0.7146498491787043,-0.004458964112485582
186,0.1588102438018463,0.3517360496176878,0.3980950274055302,28,-0.008415089480430146,-0.5247259288184382,0.65493348947512,-0.9964584818850839,0.3437608927823143,0.20470964543198059,-0.575627355456789,1.073468033396978,2.3774008856010136,0.046796806655797725
187,3.3681368298009535,2.3533351110463565,2.2743954454525857,22,0.48937893612248423,0.17521972989890935,-1.1085373871969304,1.1608227675568503,-0.9076576909812127,0.820377751994329,1.0190223172766988,0.9142863765243106,0.5403242081383153,0.8982560939003178
188,0.25037572771943234,-0.08189807992363138,-0.053273309383640347,28,-1.0751165729152468,2.8350132330248297,-1.4024491999756055,-1.6128245531542078,-0.1113004104044228,-0.4109584611303678,1.5259733198760772,-1.1550751628203653,-0.88036400927645,-0.017701878380067596
189,-0.2619578333115694,-0.2101093008919512,-0.23342578934870023,22,1.4138535550993252,0.035230598155439864,0.06710986391776985,0.23627366065316419,1.02635284756242,-0.4109584611303678,-0.09193834506529348,-1.1550751628203653,-0.17053493024153302,-0.14598112119087084
190,-0.2091961500356851,-0.14482867921804185,-0.17641863472961963,28,0.9160595294964109,-0.8047041923053772,0.948845302253795,-0.38009241061595983,1.02635284756242,-0.10312440784919362,-0.9229529632503505,0.277559749033641,1.3176717954950976,-0.11432014096846153
191,-0.26793871395817437,-0.20281923146788872,-0.23293222091043977,22,1.8405341484732518,-0.5247259288184382,0.65493348947512,-0.9964584818850839,0.11623024118894575,-0.10312440784919362,-0.5740230801321075,0.9142863765243106,1.0242623800285227,-0.1464602146341623
192,-0.24499301920998715,-0.18699908081100688,-0.16728761862180153,29,1.3427401228703375,-0.10475853358802964,0.948845302253795,0.8526397319222883,-1.021423016777897,-0.4109584611303678,-1.0063752801337924,0.277559749033641,0.7828430868878591,-0.1319061928629001
193,-0.10103586340088203,-0.11997844256674517,-0.0034228971193361107,28,1.1293998261833742,-0.38473679707496866,-0.2268019488609052,0.8526397319222883,1.3676488249524728,-0.4109584611303678,0.1487029536369431,-0.040803564711693725,0.03241592563539841,-0.08896532008455986
194,0.04205654670094254,-0.08090807049567228,-0.13249104372444065,17,-0.22175538616739346,0.17521972989890935,-0.5207137616395803,-0.07190937498139782,-0.7938923651845284,0.820377751994329,0.5305204809111584,-0.6775301922023632,-0.3429861171862911,-0.04934898508361844
195,-0.12971299291857405,-0.14006863388765264,-0.16358585533484823,27,-1.2173434373732221,-0.9446933240488466,0.06710986391776985,-1.304641517519646,-0.6801270393878441,-0.10312440784919362,0.03961223155859585,0.7551047196516432,-0.053446681202274755,-0.09737863649086377
196,0.45181103401621464,-0.010817403015214146,-0.011319992131503118,28,-0.8617762762282833,-0.24474766533149914,-1.4024491999756055,-0.6882754462505218,0.0024649153922614736,-0.718792514411542,1.4529787926030653,1.073468033396978,-0.8034750328942377,0.03733658115366392
197,1.674700045153779,0.905321321465769,0.28802926567345255,22,-1.0751165729152468,-0.38473679707496866,-0.2268019488609052,-0.9964584818850839,0.11623024118894575,-0.10312440784919362,0.3043176601310561,1.073468033396978,0.12095245045128908,0.5199780304601468
198,1.674700045153779,0.905321321465769,0.28802926567345255,22,-1.0751165729152468,-0.38473679707496866,-0.2268019488609052,-0.9964584818850839,0.11623024118894575,-0.10312440784919362,0.3043176601310561,1.073468033396978,0.12095245045128908,0.5199780304601468
199,-0.2942624602064692,-0.2259894521202245,-0.2642738167399776,27,-1.28845686960221,1.0151545203597263,2.1244925533684955,-1.304641517519646,0.5712915443756829,-0.4109584611303678,-2.0186730100078676,-1.4734384765657,-0.7928801720740941,-0.15777967882539332
200,5.604547166887515,3.4892859288199563,1.330939375717758,28,-0.5062091150833445,-0.38473679707496866,-0.5207137616395803,-1.6128245531542078,-1.3627189941679498,0.820377751994329,0.6556539562363215,1.073468033396978,0.2999307363045923,1.697022123996661
201,-0.28207010005798444,-0.22082940298055886,-0.24206323701825788,15,0.20492520720653315,0.035230598155439864,-0.8146255744182553,-1.6128245531542078,-0.4525963877944756,-0.10312440784919362,0.942017101691983,-1.1550751628203653,-0.4067955776983526,-0.15498897930073177
202,0.04201026063263618,-0.04405771956608343,-0.028841671689748667,22,-1.2173434373732221,0.4551979933858484,-0.2268019488609052,0.23627366065316419,-1.476484319964634,0.5125436987131547,0.2176867925982509,0.11837809216097364,0.010136798106331668,-0.03982781442298198
203,0.134190767218317,-0.0217275069132281,-0.16111801314354604,28,-0.008415089480430146,-1.0846824557923163,-0.5207137616395803,-0.6882754462505218,1.2538834991557886,0.20470964543198059,0.5650124003918124,-1.3142568196930327,-0.19642144109835716,-0.020659117657202426
204,-0.28262719585017476,-0.21941938955285956,-0.23614041575913264,22,-0.5062091150833445,0.5951871251293178,-0.5207137616395803,1.7771888388259742,0.11623024118894575,0.820377751994329,0.37731218740406786,-0.3591668784570285,0.004888525992983542,-0.15458400749127577
205,-0.2610282316762428,-0.21632936012619933,-0.2435439423330392,28,-0.7906628439992957,0.8751653886162569,-0.8146255744182553,-1.6128245531542078,1.481414150749157,-0.10312440784919362,0.9283807614321896,-0.995893505947698,-0.7960657336407632,-0.14877674510651076
206,-0.2561388153229939,-0.20775927851245232,-0.2047988199295948,28,0.06269834274855762,0.3152088616423789,-0.5207137616395803,1.7771888388259742,-0.7938923651845284,-0.10312440784919362,0.38372928870279416,0.4367414059063084,-0.20894369950455557,-0.14565654655439073
207,-0.25713160991385253,-0.2013092170878703,-0.20627952524437612,10,0.2760386394355209,-0.10475853358802964,0.06710986391776985,0.5444566962877262,-0.6801270393878441,0.820377751994329,-0.10557468532508689,0.9142863765243106,0.37401691713150925,-0.144055667995261
208,-0.2948708309845079,-0.22622945440579034,-0.26378024830171715,29,0.3471520716645087,-1.0846824557923163,0.3610216766964449,1.4690058031914122,1.2538834991557886,-1.0266265676927162,-0.4849857996122799,-0.5183485353296958,-1.1159393277204421,-0.15865795007881128
209,-0.2518780025800374,-0.20011920575527298,-0.21713803088610578,28,-0.22175538616739346,-0.24474766533149914,1.24275711503247,-1.6128245531542078,1.7089448023425255,-0.10312440784919362,-1.1242895164978883,-0.1999852215843611,0.2080962436913316,-0.13436863233784002
210,-0.25328460016479665,-0.2100993007967193,-0.24058253170347657,25,-0.363982250625369,0.035230598155439864,-1.1085373871969304,0.5444566962877262,1.82271012813921,-0.4109584611303678,1.0495035484456487,1.3918313471423127,-0.4913711181781448,-0.14683552008788825
211,2.4867070736115786,3.3310644220606744,2.65148173228356,28,0.560492368351472,0.3152088616423789,0.65493348947512,-0.6882754462505218,1.481414150749157,-0.4109584611303678,-0.6077128619504205,-1.3142568196930327,2.3973638309217318,1.1155654670180037
212,-0.24659584755139854,-0.18979910747594173,-0.22355442058349145,15,-0.5773225473123323,-0.8047041923053772,0.06710986391776985,0.23627366065316419,0.0024649153922614736,-0.4109584611303678,-0.0847191061042264,0.11837809216097364,0.6803074540423175,-0.14009035072036397
213,0.06355351522734913,0.07533341740769166,0.11972242822664317,29,-0.07952852170941792,-0.5247259288184382,0.948845302253795,-0.9964584818850839,1.481414150749157,-0.4109584611303678,-0.8772311164969255,-0.1999852215843611,0.9802349933283173,0.023280250534746055
214,-0.25403875819989613,-0.1989391945179076,-0.16457299221136912,22,-0.29286881839638124,-0.8047041923053772,1.24275711503247,0.23627366065316419,0.685056870172367,-0.4109584611303678,-1.2614550567581633,-0.6775301922023632,0.4014129891649043,-0.134071491480281
215,-0.18930949322700288,-0.17255894329612867,-0.2035648988339437,28,1.6983072840152764,-0.38473679707496866,1.24275711503247,0.23627366065316419,-0.33883106199779134,0.5125436987131547,-1.255037955459437,-1.1550751628203653,-0.09830995193005,-0.09544801947079495
216,-0.1210078861319496,-0.17416895862846618,-0.2186187362008871,24,-0.9328897084572711,-0.10475853358802964,-0.8146255744182553,-1.6128245531542078,1.5951794765458414,-0.4109584611303678,0.9283807614321896,-1.6326201334383674,-0.7690931360517096,-0.10752136963704616
217,0.31831785558937575,0.47238719859068357,0.27914503378476463,28,0.20492520720653315,-0.8047041923053772,0.948845302253795,0.5444566962877262,0.7988221959690514,-0.10312440784919362,-0.9951453528610215,-0.6775301922023632,1.9439148151921901,0.1679923953635188
218,-0.2922810284560369,-0.22485944135901867,-0.26205275876780565,29,-0.15064195393840568,-0.38473679707496866,0.65493348947512,0.23627366065316419,-0.1113004104044228,1.4360458585566775,-0.6702795996130021,0.4367414059063084,-0.23794431005479386,-0.15742536792607087
219,-0.23737688225794779,-0.1885790958576487,-0.21713803088610578,28,0.7738326650384353,-0.24474766533149914,0.65493348947512,-0.9964584818850839,-1.3627189941679498,-0.10312440784919362,-0.5635952905216772,-0.6775301922023632,0.3649255161269533,-0.13272595934110634
220,0.1744854227188207,0.3135956864031825,0.2458291642021851,22,0.8449460972674231,-0.38473679707496866,0.65493348947512,1.1608227675568503,1.2538834991557886,-0.10312440784919362,-0.7537019164964441,-0.1999852215843611,1.9778936293051441,0.06834403708942406
221,-0.2605742401799205,-0.20416924432419659,-0.23465971044435133,24,-0.363982250625369,-0.38473679707496866,0.06710986391776985,0.23627366065316419,0.11623024118894575,-0.4109584611303678,-0.08552124376656718,-0.5183485353296958,0.31726975325983164,-0.14547312730803774
222,-0.22920420383788936,-0.19600916661495793,-0.2186187362008871,28,-0.22175538616739346,0.17521972989890935,-0.8146255744182553,1.4690058031914122,1.5951794765458414,-0.10312440784919362,0.6837287744182491,0.9142863765243106,-0.2563441436426162,-0.1382232859401038
223,0.3590526444819184,0.1770243858209858,0.16044182438312932,28,0.06269834274855762,0.17521972989890935,0.65493348947512,-0.9964584818850839,0.45752621857899856,1.4360458585566775,-0.5764294931191298,-0.5183485353296958,0.256285961536214,0.13755989444130878
224,-0.19054702193950537,-0.15672879254401492,-0.157663034075723,22,0.560492368351472,-0.38473679707496866,-0.2268019488609052,-1.6128245531542078,1.1401181733591041,0.20470964543198059,0.3452266809104363,0.9142863765243106,0.40856715825659673,-0.12316534980962435
225,-0.2654259624895187,-0.21125931184362087,-0.23441292622522109,28,0.20492520720653315,-0.38473679707496866,0.3610216766964449,-1.304641517519646,-0.22506573620110706,-0.10312440784919362,-0.25637656584515517,-0.3591668784570285,-0.11363514264294926,-0.14670842481900617
226,-0.27514603683385513,-0.2224194181224326,-0.2581042112617221,27,-0.07952852170941792,0.035230598155439864,-1.4024491999756055,-0.9964584818850839,0.45752621857899856,-0.10312440784919362,1.473834371823926,1.7101946608876473,-1.11151180146081,-0.1536106666654245
227,-0.2511379798113069,-0.19862919156571837,-0.23243865247217935,28,0.20492520720653315,-0.8047041923053772,0.948845302253795,0.23627366065316419,-0.7938923651845284,-0.4109584611303678,-0.9582470203933452,-0.995893505947698,0.28424609599935324,-0.135666973374635
228,-0.14943390680002744,-0.09399819515424264,-0.16975546081310372,29,1.2716266906413498,-1.0846824557923163,0.65493348947512,1.1608227675568503,1.5951794765458414,-0.10312440784919362,-0.7561083294834665,-0.3591668784570285,1.1932573175948331,-0.0882337822797956
229,-0.27965518680556917,-0.2180793767917836,-0.2423100212373881,28,-0.8617762762282833,1.155143652103196,-0.8146255744182553,-0.9964584818850839,1.02635284756242,-0.4109584611303678,0.885065327665787,-1.4734384765657,-0.0482422471694034,-0.1542175226347672
230,-0.23203624602923323,-0.19216913004590444,-0.22824332074696563,19,-0.5062091150833445,-0.24474766533149914,0.06710986391776985,1.7771888388259742,-0.6801270393878441,-0.10312440784919362,-0.2034354801306631,0.277559749033641,0.005275207369766836,-0.1335655559965063
231,-0.24200077733312783,-0.19808918642319523,-0.19369353006873496,22,1.4138535550993252,-0.24474766533149914,-0.2268019488609052,-0.9964584818850839,1.481414150749157,-0.10312440784919362,0.29469200818296665,0.11837809216097364,-0.028143915197465754,-0.14044998045170795
232,-0.05328831941679669,-0.12991853722726385,-0.18086075067396357,26,-0.363982250625369,0.035230598155439864,-0.5207137616395803,-1.304641517519646,-0.9076576909812127,-0.4109584611303678,0.6283812757167347,-0.040803564711693725,-0.44880816487018355,-0.08222308001453946
233,-0.2570977961394012,-0.20319923508670132,-0.24329715811390898,29,1.7694207162442641,0.035230598155439864,0.65493348947512,-0.9964584818850839,1.2538834991557886,-0.4109584611303678,-0.5812423190931746,0.4367414059063084,0.21305564989145856,-0.14150892079441865
234,-0.21430812754372447,-0.15536877959247514,-0.19221282475395365,28,-0.07952852170941792,-0.38473679707496866,0.3610216766964449,0.8526397319222883,-1.2489536683712654,-0.4109584611303678,-0.41840837363799444,-1.4734384765657,1.0902833718163727,-0.12412080528109627
235,-0.13045606447024685,-0.05628783603470953,0.016566624630211628,22,1.4138535550993252,-0.5247259288184382,0.948845302253795,-0.07190937498139782,-0.5663617135911598,1.1282118052755032,-0.9365893035101439,-0.040803564711693725,1.5950411463605356,-0.07313932753244361
236,-0.29109311175686875,-0.22335942707423215,-0.2642738167399776,27,0.3471520716645087,-0.8047041923053772,1.8305807405898202,-0.6882754462505218,-1.1351883425745812,-0.4109584611303678,-1.7611868203964747,-1.3142568196930327,0.45909623100064606,-0.15547495072196316
237,-0.2737829536965456,-0.21160931517673773,-0.2395953948269557,28,0.9871729617253986,0.035230598155439864,1.24275711503247,0.8526397319222883,-0.1113004104044228,1.1282118052755032,-1.3063747658492475,-0.3591668784570285,0.45856730268525414,-0.145628936229775
238,-0.2787142215247302,-0.2126693252713202,-0.24033574748434636,28,-0.008415089480430146,-0.38473679707496866,1.24275711503247,1.1608227675568503,-1.1351883425745812,-0.718792514411542,-1.3224175190960632,-1.4734384765657,0.8991670395561597,-0.148569921729535
239,-0.25012356657776624,-0.20291923242020782,-0.25094746890694575,28,-1.857364327434112,0.035230598155439864,0.65493348947512,-1.6128245531542078,-1.021423016777897,-0.10312440784919362,-0.518675581430593,-0.995893505947698,-0.06654458830641868,-0.13879506081192844
240,-0.24437522492103575,-0.19572916394846443,-0.23564684732087218,22,0.9160595294964109,-0.10475853358802964,0.65493348947512,-0.9964584818850839,1.1401181733591041,-0.4109584611303678,-0.5812423190931746,1.2326496902696453,0.2003958345077802,-0.13573603318479455
241,-0.2089727573946376,-0.18836909385777859,-0.1944338827261256,28,0.06269834274855762,3.114991496511769,-0.8146255744182553,-1.6128245531542078,-1.2489536683712654,0.5125436987131547,0.9476320653283685,-0.5183485353296958,-0.3168404151576823,-0.13355269420282762
242,-0.29529267167889284,-0.22632945535810944,-0.2642738167399776,25,1.3427401228703375,1.2951327838466653,0.948845302253795,-0.6882754462505218,-0.9076576909812127,1.7438799118378516,-0.8852524931203334,-1.9509834471837022,-1.4188272694342032,-0.15882861385750352
243,-0.21968340903314737,-0.18302904300393857,-0.19147247209656298,24,2.480555038534142,-0.24474766533149914,0.3610216766964449,1.7771888388259742,-0.5663617135911598,0.20470964543198059,-0.4970178645473917,0.7551047196516432,0.11130251783901958,-0.12553822062615477
244,2.869394743126883,2.561027088917898,3.724252732842622,29,1.4849669873283131,0.4551979933858484,0.65493348947512,0.23627366065316419,-0.6801270393878441,-0.10312440784919362,-0.6662689113012982,0.11837809216097364,1.1111269184577024,1.3221921996269161
245,-0.1358695943274918,-0.1578788034956846,-0.20504560414872502,22,1.1293998261833742,-0.24474766533149914,0.65493348947512,-0.07190937498139782,0.11623024118894575,-0.4109584611303678,-0.6470176074051192,0.277559749033641,-0.3492187557838665,-0.08475609850850546
246,-0.21135662849345818,-0.172298940820099,-0.14705131265312357,28,0.3471520716645087,-0.10475853358802964,0.3610216766964449,-1.304641517519646,1.02635284756242,0.5125436987131547,-0.26520008013090385,0.277559749033641,0.3407358050596599,-0.1246316973186115
247,-0.10435792815968489,-0.08331809344656262,-0.20553917258698548,22,2.1961013096181907,-0.38473679707496866,0.3610216766964449,1.4690058031914122,-1.021423016777897,-0.10312440784919362,-0.4697451840278049,0.277559749033641,0.6831304764262813,-0.07552950052867868
248,-0.24341652126671412,-0.1807790215767588,-0.1956678038217767,22,-1.0751165729152468,-0.24474766533149914,0.06710986391776985,-1.304641517519646,0.0024649153922614736,-0.10312440784919362,0.034799405584551114,0.4367414059063084,1.092663292545403,-0.1395683496039664
249,-0.23516485165224063,-0.17453896215204687,-0.17765255582527073,22,1.2716266906413498,-0.24474766533149914,0.948845302253795,0.5444566962877262,0.0024649153922614736,-0.4109584611303678,-0.9887282515622952,-0.5183485353296958,1.0401462108097603,-0.12688538538438981
250,-0.10184185074600122,-0.15599878559208546,-0.20282454617655307,22,-1.1462300051442345,-0.10475853358802964,-0.2268019488609052,-0.6882754462505218,-0.6801270393878441,-0.10312440784919362,0.28506635623487714,-0.3591668784570285,-0.5614700809916915,-0.09185008305590689
251,2.588626778725507,2.298634590127808,1.210508676782211,22,0.560492368351472,-0.6647150605619077,0.948845302253795,-0.6882754462505218,1.2538834991557886,-0.4109584611303678,-0.8996909710424676,0.277559749033641,1.0941862768548931,1.3179894870001596
252,-0.2508705183986384,-0.19009911033289903,-0.23564684732087218,22,-0.5773225473123323,-0.5247259288184382,0.948845302253795,0.23627366065316419,0.685056870172367,-0.10312440784919362,-0.9694769476661163,-0.995893505947698,0.89000760286011,-0.13541750312180123
253,0.7592519688938258,0.7240695953873978,0.389951148174233,22,-0.9328897084572711,0.8751653886162569,1.24275711503247,-1.6128245531542078,1.02635284756242,-0.10312440784919362,-1.1194766905238438,-0.040803564711693725,1.1769652411020664,0.4337824670220158
254,-0.11186569473622854,-0.1348085837956679,-0.10608513227750721,27,0.20492520720653315,0.4551979933858484,-0.2268019488609052,0.5444566962877262,-1.5902496457613182,-0.4109584611303678,0.19442480039036805,1.073468033396978,-0.12435916278909517,-0.09370781894780371
255,-0.22210913160690365,-0.1627188495879291,-0.18036718223570314,29,1.6983072840152764,0.035230598155439864,1.24275711503247,0.23627366065316419,1.2538834991557886,-0.10312440784919362,-1.266267882732208,-0.1999852215843611,1.06694372633608,-0.11482395592461832
256,6.811660389271008,4.658357062001643,2.554495534165384,22,2.693895335221105,-1.0846824557923163,0.948845302253795,-1.6128245531542078,1.1401181733591041,-0.10312440784919362,-0.8266964437694558,-0.1999852215843611,0.48589361136859804,3.3763683895734005
257,-0.1912884305186642,-0.1212884550421254,-0.1487788021870351,28,0.6316058005804598,0.8751653886162569,1.24275711503247,-1.304641517519646,-1.5902496457613182,-0.10312440784919362,-1.12589379182257,-0.1999852215843611,1.5231526042327952,-0.10020580225074659
258,-0.25918676677907226,-0.17195893758221406,-0.07918565239231334,22,-0.15064195393840568,-0.5247259288184382,0.948845302253795,0.8526397319222883,0.7988221959690514,-0.4109584611303678,-1.0192094827312452,0.277559749033641,3.1063092640813412,-0.13939598533224076
259,-0.1453274733387874,-0.1598888226372985,-0.2033181146148135,26,-0.5062091150833445,3.9549262869725856,-1.1085373871969304,0.8526397319222883,0.0024649153922614736,-0.4109584611303678,1.037471483510537,0.7551047196516432,-0.30515936247390696,-0.11578033169713718
260,-0.24884418639032804,-0.20232922680152512,-0.2085005832165481,28,-0.7906628439992957,1.2951327838466653,-0.8146255744182553,1.1608227675568503,-0.9076576909812127,-0.718792514411542,0.7270442081846517,0.4367414059063084,-0.07144004005718178,-0.14451247302540113
261,-0.27705817806287075,-0.21307932917582853,-0.1954210196026465,28,0.9160595294964109,-0.38473679707496866,1.24275711503247,0.23627366065316419,1.82271012813921,-0.10312440784919362,-1.270278571043912,-0.040803564711693725,0.5906353939381165,-0.14782918431722017
262,-0.28111943410414714,-0.22634945554857328,-0.2642738167399776,27,0.3471520716645087,-0.6647150605619077,1.24275711503247,-0.6882754462505218,0.5712915443756829,0.820377751994329,-1.1884605294851516,-1.1550751628203653,-1.7357507969549044,-0.15059850202752692
263,-0.21344421332270092,-0.14741870388310657,-0.19245960897308387,29,0.3471520716645087,0.035230598155439864,0.06710986391776985,1.7771888388259742,0.3437608927823143,1.4360458585566775,-0.2106547190917302,2.5061029452509844,1.373721358296118,-0.12605900958641755
264,-0.25673942556263396,-0.20717927298900154,-0.23120473137652825,28,0.7738326650384353,0.17521972989890935,1.24275711503247,0.5444566962877262,-0.6801270393878441,-0.4109584611303678,-1.2766956723426384,-0.995893505947698,-0.13690926808791937,-0.13552232143691512
265,-0.10197876881632065,-0.10827833114541031,-0.11077403244098137,27,-0.8617762762282833,-0.5247259288184382,0.06710986391776985,-1.304641517519646,1.3676488249524728,0.5125436987131547,0.02517375363646165,1.3918313471423127,0.2364655512499185,-0.08677623693582513
266,-0.280465608744059,-0.21830937898211752,-0.24551821608608096,28,-1.2173434373732221,-0.5247259288184382,-0.5207137616395803,0.23627366065316419,-1.5902496457613182,-1.3344606209738905,0.5128734523396611,0.4367414059063084,-0.006720004533365923,-0.15403063968678782
267,-0.025996168841181923,-0.025577543577513503,0.06839131064755762,28,1.0582863939543863,-0.9446933240488466,0.948845302253795,-0.9964584818850839,-0.9076576909812127,-0.10312440784919362,-0.860386225587769,-0.3591668784570285,0.6723539501988537,-0.023080468223268296
268,-0.2628389315819043,-0.19575916423416018,-0.12039861698705992,29,-0.07952852170941792,-0.10475853358802964,0.948845302253795,1.1608227675568503,1.82271012813921,-0.10312440784919362,-1.0512949892248766,0.11837809216097364,1.2920659375704118,-0.14111857872017985
269,-0.13871549462311902,-0.1829690424325471,-0.2642738167399776,10,-0.5773225473123323,-0.6647150605619077,-1.6963610127542805,-1.6128245531542078,0.11623024118894575,0.820377751994329,1.8171492913057834,1.8693763177603147,-0.841350835568491,-0.12064337330170792
270,-0.2608813357708394,-0.2116993160338249,-0.25144103734520623,27,0.48937893612248423,-0.10475853358802964,0.06710986391776985,-0.9964584818850839,1.5951794765458414,1.1282118052755032,0.0011096237662379937,-0.1999852215843611,-0.3676902954259003,-0.1459336418557358
271,-0.26731426777916695,-0.2116693157481292,-0.23762112107391395,19,0.48937893612248423,0.17521972989890935,0.06710986391776985,1.1608227675568503,-0.7938923651845284,-0.4109584611303678,-0.15290080740319342,0.11837809216097364,-0.0519749493973895,-0.14784376325591544
272,0.8972130001416143,0.9960821857905854,2.489838068753267,22,-0.22175538616739346,-0.38473679707496866,0.3610216766964449,-0.38009241061595983,-0.1113004104044228,-0.4109584611303678,-0.3277668177934853,0.11837809216097364,1.5772522063814431,0.3372687899456095
273,0.3836092052720014,0.20843468494441555,0.34084108856731943,22,-1.0040031406862588,0.17521972989890935,0.06710986391776985,0.5444566962877262,-0.7938923651845284,-0.4109584611303678,-0.10397041000040531,0.11837809216097364,0.3337623780979384,0.10427506312140866
274,-0.266905730864894,-0.22200941421792428,-0.25662350594694083,15,-0.5062091150833445,-0.38473679707496866,-1.4024491999756055,0.8526397319222883,0.11623024118894575,-0.10312440784919362,1.3286474549402432,-0.040803564711693725,-1.2450717242166611,-0.15122508127274437
275,-0.049419968187144454,-0.08822814020543049,-0.19936956710873,22,0.1338117749775454,-1.7846281145096636,2.1244925533684955,-1.304641517519646,-0.22506573620110706,-4.720635207066807,-2.0130580463714822,-0.6775301922023632,0.07860395056679975,0.06996582523529553
276,1.549339079482491,1.7034789224006763,3.9520345670998145,22,1.9116475807022397,1.155143652103196,1.24275711503247,-0.9964584818850839,-1.021423016777897,0.20470964543198059,-1.152364334679816,0.277559749033641,1.6456213345115251,0.8930992365586816
277,-0.2475085422994995,-0.19296913766445725,-0.2200994415156684,27,0.20492520720653315,-0.8047041923053772,0.948845302253795,1.7771888388259742,-0.33883106199779134,-0.10312440784919362,-1.0849847710431897,-0.3591668784570285,0.5127275555438618,-0.13237146521373996
278,-0.2839209884660676,-0.2187793834580173,-0.25612993750868035,27,-0.7906628439992957,0.035230598155439864,0.06710986391776985,-1.304641517519646,0.7988221959690514,1.4360458585566775,0.029184441948165597,1.073468033396978,0.37815531109266726,-0.15462137756002436
279,-0.2739475879754317,-0.20863928689286043,-0.24206323701825788,28,1.3427401228703375,0.035230598155439864,0.948845302253795,0.23627366065316419,-0.22506573620110706,-0.4109584611303678,-0.9622577087050491,-0.3591668784570285,0.9208484743413371,-0.1476115130069626
280,0.13442247472193447,-0.02002749072380338,-0.01354105010367509,28,-0.64843597954132,0.5951871251293178,-0.5207137616395803,-0.38009241061595983,-1.476484319964634,-0.4109584611303678,0.5610017120801084,-0.6775301922023632,-0.18446908807172654,-0.020443641693006352
281,-0.26983588843456396,-0.20805928136940963,-0.19221282475395365,28,0.6316058005804598,0.035230598155439864,0.65493348947512,-1.304641517519646,1.1401181733591041,-0.4109584611303678,-0.5579803268852916,0.7551047196516432,0.5682364202253142,-0.14738494245013842
282,1.725190662299709,-0.006997366636624474,0.2737157809638998,28,-1.5017971662891734,-0.10475853358802964,-0.5207137616395803,1.4690058031914122,0.0024649153922614736,2.051713965119026,0.4021784549366323,0.11837809216097364,-1.3848578474488258,0.5193444002096611
283,-0.258278506624342,-0.19909919604161816,-0.22182693104957993,22,-0.64843597954132,-0.8047041923053772,-0.2268019488609052,0.8526397319222883,1.02635284756242,-0.718792514411542,0.15110936662396546,-0.1999852215843611,0.6309740557647925,-0.1455504820945981
284,-0.03918381803929633,0.007892775163689716,-0.03871304045495743,28,2.1961013096181907,-0.9446933240488466,1.24275711503247,0.23627366065316419,1.481414150749157,-0.10312440784919362,-1.2678721580568897,0.5959230627789758,1.2183601972548546,-0.004762147848308663
285,-0.2662244664583249,-0.20113921546892782,-0.24206323701825788,28,1.1293998261833742,1.435121915590135,1.24275711503247,-1.304641517519646,-1.3627189941679498,-0.10312440784919362,-1.1274980671472516,-0.1999852215843611,1.0481493520757639,-0.14242432391641263
286,-0.25517623139947293,-0.19106911957039432,-0.2642738167399776,29,0.8449460972674231,-0.6647150605619077,0.948845302253795,0.23627366065316419,0.3437608927823143,-0.4109584611303678,-0.966268397016753,-0.5183485353296958,1.0926407141825776,-0.13771460436631702
287,0.31356729744104594,0.5597180302509548,0.5883656603549291,27,-0.008415089480430146,-0.24474766533149914,0.948845302253795,0.8526397319222883,1.2538834991557886,-0.10312440784919362,-1.0232201710429492,-0.5183485353296958,2.436101418802695,0.16933193060018778
288,0.6333289185128057,0.7421497675666914,0.833915958389497,22,0.9871729617253986,-0.24474766533149914,0.3610216766964449,0.8526397319222883,-0.6801270393878441,-1.0266265676927162,-0.4224190619496984,-0.6775301922023632,1.6347706376958706,0.2398659635575331
289,0.6474999387908661,0.23935497940148168,0.07924981628928726,10,0.6316058005804598,-0.38473679707496866,-0.2268019488609052,0.23627366065316419,-1.021423016777897,1.1282118052755032,0.21447824194888776,0.4367414059063084,-0.13938567382801967,0.17414405719682088
290,6.577275222743893,4.086731618355196,2.152977609640518,22,0.3471520716645087,-0.10475853358802964,-0.2268019488609052,1.1608227675568503,-1.5902496457613182,-0.4109584611303678,0.14549440298757996,1.2326496902696453,0.2928083596714779,2.3161489308735446
291,0.057582612415828176,-0.041937699376918484,0.08023695316580813,28,-0.8617762762282833,0.17521972989890935,-0.8146255744182553,-0.38009241061595983,0.22999556698563,-0.10312440784919362,0.8409477562370437,1.7101946608876473,-0.04745568974441777,-0.05274515487669843
292,-0.08477420951063656,-0.04893776603925558,-0.15470162344616037,1,1.4138535550993252,-0.24474766533149914,0.948845302253795,-0.6882754462505218,1.481414150749157,-0.4109584611303678,-0.9012952463671492,-0.1999852215843611,0.985718270004202,-0.05095431868808722
293,-0.14315757137010163,-0.1909491184276114,-0.13224425950531044,28,-1.0040031406862588,3.8149371552291163,-0.5207137616395803,-0.9964584818850839,-0.7938923651845284,-0.10312440784919362,0.6043171458465111,0.5959230627789758,-0.9845984628378425,-0.11039377645715721
294,-0.18228509732786224,-0.1525787530227722,-0.20948772009306899,22,-0.22175538616739346,0.4551979933858484,1.24275711503247,-0.6882754462505218,1.1401181733591041,0.5125436987131547,-1.1924712177968555,-0.8367118490750306,0.3705728703363041,-0.09318725484650077
295,-0.18397550888834435,-0.16461886768199202,-0.22330763636436124,28,-0.43509568285435674,-0.6647150605619077,0.65493348947512,-1.304641517519646,0.9125875217657357,-0.10312440784919362,-0.5571781892229509,0.5959230627789758,0.053516163195470215,-0.1087614509752783
296,-0.16640149252246636,-0.21158931498627392,-0.22330763636436124,28,0.7027192328094476,3.9549262869725856,-1.6963610127542805,-1.6128245531542078,0.11623024118894575,1.1282118052755032,1.8171492913057834,-0.5183485353296958,-1.3661673744947804,-0.127404847624311
297,4.169130822784781,3.9092199278935587,4.416482467502886,22,-0.7906628439992957,0.035230598155439864,-0.2268019488609052,-0.9964584818850839,-1.476484319964634,0.820377751994329,0.31554758740382716,0.9142863765243106,1.2584579014864463,1.374855220552686
298,-0.274429850004492,-0.212359322319131,-0.2447778634286903,29,-0.43509568285435674,0.5951871251293178,-0.2268019488609052,0.5444566962877262,-1.476484319964634,-0.4109584611303678,0.19362266272802725,-0.6775301922023632,0.41086833394456274,-0.15144797929127668
299,3.8928196247209277,2.411785667676871,3.166273613389197,22,2.124987877389203,0.3152088616423789,0.65493348947512,-0.38009241061595983,0.685056870172367,-0.4109584611303678,-0.6261620281842587,1.2326496902696453,0.30030441240247663,1.7725598244474496
300,-0.2620434763960405,-0.2155393526028784,-0.23885504216956505,26,0.20492520720653315,-0.10475853358802964,-1.1085373871969304,0.23627366065316419,-1.5902496457613182,1.1282118052755032,1.097631808186096,0.7551047196516432,-0.6912126099280437,-0.14944872237980877
301,-0.22894976904324718,-0.2128393268902627,0.04618073092583791,25,0.6316058005804598,-0.10475853358802964,0.3610216766964449,-0.9964584818850839,0.685056870172367,-4.412801153785632,-0.28445138402708275,3.1428295727416535,-1.0795093138689866,-0.13163487379010275
302,-0.1723200116997963,-0.12703850980047374,0.49508122552370626,28,-0.43509568285435674,0.035230598155439864,-1.1085373871969304,0.23627366065316419,1.82271012813921,0.20470964543198059,1.0735676783158723,0.5959230627789758,0.8704070107665454,-0.12382391639568965
303,-0.295496385811858,-0.22634945554857328,-0.2642738167399776,22,-0.7906628439992957,-1.7846281145096636,3.0062279917045207,0.23627366065316419,-1.5902496457613182,-2.8736308873797616,-3.0028959217000155,-1.6326201334383674,-1.7357507969549044,-0.15893152923667264
304,-0.2863630636028783,-0.2239094323119872,-0.24132288436086724,28,-1.5017971662891734,0.035230598155439864,-1.1085373871969304,-0.07190937498139782,-0.33883106199779134,0.5125436987131547,1.112872423770571,-1.6326201334383674,-0.8722077556506987,-0.15635194728607169
305,-0.2875994836670381,-0.22407943393092966,-0.24551821608608096,25,-0.07952852170941792,0.17521972989890935,-1.4024491999756055,1.1608227675568503,-0.5663617135911598,1.1282118052755032,1.3093961510440641,0.277559749033641,-0.8065919230220335,-0.15679484515000597
306,-0.27978877893086057,-0.22059940079022494,-0.16481977643049933,28,1.4138535550993252,0.17521972989890935,0.65493348947512,-1.304641517519646,1.1401181733591041,0.5125436987131547,-0.5587824645476325,0.11837809216097364,-0.5524741899855649,-0.15186180036755964
307,-0.18715289503842913,-0.22634945554857328,-0.2642738167399776,29,-0.15064195393840568,-1.0846824557923163,0.948845302253795,1.4690058031914122,0.7988221959690514,0.20470964543198059,-1.068942017796374,-0.1999852215843611,-1.7357507969549044,-0.09938201702278188
308,-0.2902228228078748,-0.22576945002512247,-0.26229954298693586,27,-0.008415089480430146,-0.24474766533149914,0.06710986391776985,0.5444566962877262,0.11623024118894575,0.820377751994329,-0.11118964896147242,-0.6775301922023632,-1.3802528060256505,-0.15688391840515958
309,-0.29247947650937434,-0.22594945173929687,-0.2632866798634567,28,0.2760386394355209,-0.5247259288184382,-1.6963610127542805,-0.07190937498139782,0.5712915443756829,1.4360458585566775,1.6928179536429613,2.028557974632982,-1.3072082353983436,-0.15817754083165053
310,-0.25369840315869724,-0.2113993131768676,-0.13890743342182635,22,1.4138535550993252,0.035230598155439864,0.3610216766964449,-0.07190937498139782,0.11623024118894575,-0.10312440784919362,-0.35503949831307213,0.11837809216097364,-0.5795876762929439,-0.14138624956252277
311,-0.2938553091026246,-0.22620945421532654,-0.2632866798634567,29,1.5560804195573008,-1.0846824557923163,0.3610216766964449,-0.07190937498139782,-1.3627189941679498,-0.10312440784919362,-0.3446117087026419,-1.6326201334383674,-1.4600348202938689,-0.1582458260925372
312,-0.2923408954665409,-0.22572944964419484,-0.25859777969998254,15,-1.2173434373732221,0.17521972989890935,-1.4024491999756055,0.8526397319222883,0.11623024118894575,0.20470964543198059,1.3286474549402432,0.4367414059063084,-1.1006790242592857,-0.15808175506139108
313,-0.26468898850373057,-0.2178893749823773,-0.20035670398525088,28,1.3427401228703375,-0.10475853358802964,-1.6963610127542805,-0.38009241061595983,0.11623024118894575,1.1282118052755032,1.7208927718248888,0.5959230627789758,-0.8480889226547008,-0.15126654846509727
314,-0.21565624392840804,-0.18299904271824283,-0.17543149785309875,28,1.4138535550993252,-0.5247259288184382,0.948845302253795,0.8526397319222883,1.5951794765458414,-0.4109584611303678,-1.0248244463676306,0.277559749033641,0.019351419855332334,-0.11587189364958199
315,-0.2772871139456316,-0.2218494126942137,-0.23712755263565352,28,-0.5062091150833445,-0.10475853358802964,0.3610216766964449,-0.9964584818850839,-1.021423016777897,-0.10312440784919362,-0.2732214567543117,-1.4734384765657,-0.9369298508753291,-0.15148992500457714
316,-0.2904625680119766,-0.22477944059716337,-0.2526749584408573,24,-1.0040031406862588,0.035230598155439864,-1.1085373871969304,-0.6882754462505218,0.9125875217657357,0.20470964543198059,1.1529793068876104,-0.040803564711693725,-0.7276258326849036,-0.15752277654101993
317,-0.2649930353117071,-0.20896929003551346,-0.23021759450000737,28,2.338328174076166,-0.9446933240488466,0.65493348947512,1.7771888388259742,-1.5902496457613182,-0.10312440784919362,-0.7825788723407124,-0.3591668784570285,0.10601499191631779,-0.14401715338277188
318,-0.28526716471615154,-0.22474944031146765,-0.23441292622522109,2,-1.5017971662891734,0.035230598155439864,-1.4024491999756055,1.7771888388259742,-1.1351883425745812,1.7438799118378516,1.2644764419529801,-0.3591668784570285,-1.230156960918845,-0.15613672900225187
319,-0.2844162771131543,-0.22073940212347168,-0.23293222091043977,22,-1.0040031406862588,0.8751653886162569,-0.2268019488609052,0.23627366065316419,-1.021423016777897,1.4360458585566775,0.21447824194888776,-0.5183485353296958,-0.09914495350116219,-0.1550187584758818
320,-0.29528352533006585,-0.22629945507241372,-0.2642738167399776,22,-1.6440240307471488,-0.9446933240488466,-0.2268019488609052,-0.38009241061595983,-0.1113004104044228,-2.5657968340985873,0.2577936757152903,0.11837809216097364,-0.9774422265542672,-0.15885808446303748
321,-0.2801648878811105,-0.2133493317470901,-0.25662350594694083,24,-0.64843597954132,0.17521972989890935,2.7123161789258456,0.8526397319222883,1.481414150749157,-0.10312440784919362,-2.7823080645562985,-2.1101651040563696,1.005110340957553,-0.12621383105376063
322,-0.26098610303922143,-0.21669936364977999,-0.22774975230870517,22,-0.15064195393840568,-0.8047041923053772,0.06710986391776985,-0.38009241061595983,-0.1113004104044228,-0.4109584611303678,-0.0349865710390975,-0.8367118490750306,-0.8318694414996836,-0.14583299946269618
323,-0.21128678364787012,-0.19505915756792647,-0.07202891003753699,28,-1.6440240307471488,-0.38473679707496866,0.06710986391776985,-0.38009241061595983,0.22999556698563,0.20470964543198059,-0.03819512168846065,-0.995893505947698,-0.5346522577064563,-0.1269374808929391
324,-0.27816183748799617,-0.2238294315501319,-0.2200994415156684,20,-0.5773225473123323,0.035230598155439864,-1.1085373871969304,-0.9964584818850839,-1.476484319964634,0.20470964543198059,1.1946904653293315,-0.040803564711693725,-1.2658380915289684,-0.15412250592241575
325,-0.28552104518662236,-0.22355942897887035,-0.24823284249651337,29,-0.29286881839638124,-0.38473679707496866,-0.8146255744182553,1.4690058031914122,-0.5663617135911598,-0.4109584611303678,0.6997715276650649,1.2326496902696453,-0.831683992731593,-0.15582843815427647
326,-0.27818290180650684,-0.2203593985046591,-0.23860825795043483,28,-0.07952852170941792,-0.10475853358802964,-1.4024491999756055,0.8526397319222883,1.5951794765458414,1.1282118052755032,1.3182196653298128,0.11837809216097364,-0.6174168176624157,-0.15425475330893285
327,-0.26918289456073285,-0.21436934146074493,-0.21442340447567335,24,-1.5017971662891734,-0.38473679707496866,-0.2268019488609052,-0.07190937498139782,-0.7938923651845284,0.820377751994329,0.23693809649442985,-1.1550751628203653,-0.2640826482621893,-0.1496959312102881
328,-0.27291405055798,-0.22247941869382404,-0.24699892140086227,28,0.560492368351472,-0.5247259288184382,-1.6963610127542805,-0.38009241061595983,0.22999556698563,1.4360458585566775,1.720090634162548,1.3918313471423127,-1.1817978146113495,-0.15331231901228098
329,-0.25748249711430676,-0.2128593270807265,-0.1707425976896246,28,0.20492520720653315,-0.38473679707496866,-0.2268019488609052,-0.6882754462505218,-1.021423016777897,0.20470964543198059,0.2874727692218995,-1.4734384765657,-0.5886472964324541,-0.14577294018963452
330,-0.278435673628635,-0.22130940755169057,-0.24305037389477877,26,-0.43509568285435674,-0.24474766533149914,-1.1085373871969304,-0.6882754462505218,0.685056870172367,0.820377751994329,1.154583582212292,0.5959230627789758,-0.780840788242196,-0.15415658728211973
331,-0.2777710389472059,-0.2203793986951229,-0.20109705664264152,28,-0.363982250625369,-0.10475853358802964,-0.2268019488609052,-1.6128245531542078,1.2538834991557886,1.7438799118378516,0.3444245432480955,0.277559749033641,-0.6470490534800952,-0.15289022720594714
332,-0.2561931390917846,-0.21120931136746132,-0.11546293260445555,25,0.2760386394355209,-0.38473679707496866,0.06710986391776985,-0.6882754462505218,0.9125875217657357,-0.4109584611303678,-0.018141680129940933,-0.1999852215843611,-0.4905754727098837,-0.14408851836718492
333,-0.245261034946827,-0.2032792358485566,-0.23317900512957002,24,-0.5062091150833445,0.17521972989890935,-1.1085373871969304,0.5444566962877262,-0.9076576909812127,1.1282118052755032,1.067952714679487,-0.3591668784570285,-0.2512792455043403,-0.1445959188867029
334,-0.270390766930069,-0.22013939640955707,0.0017595714823984885,28,-0.7906628439992957,0.7351762568727874,-0.8146255744182553,1.7771888388259742,0.0024649153922614736,-0.10312440784919362,0.6708945718207965,0.4367414059063084,-0.9361890750095866,-0.15106473927633535
335,-0.2913037549419755,-0.2251994445969036,-0.2630398956443265,25,-0.008415089480430146,-0.6647150605619077,-1.6963610127542805,-1.6128245531542078,0.11623024118894575,0.5125436987131547,1.8171492913057834,0.5959230627789758,-0.8491693794062483,-0.15790847777175288
336,-0.2931236011964641,-0.22545944707293328,-0.2625463272060661,27,-0.008415089480430146,-0.38473679707496866,0.06710986391776985,-0.38009241061595983,1.82271012813921,1.1282118052755032,-0.04942504896123169,-0.040803564711693725,-0.5234313186369877,-0.15802779746299847
337,-0.28498501371294266,-0.2235294286931746,-0.24206323701825788,25,-0.008415089480430146,0.3152088616423789,-1.1085373871969304,0.8526397319222883,-1.476484319964634,0.5125436987131547,1.0470971354586263,0.7551047196516432,-0.8685605846470345,-0.15591844830715476
338,-0.2373297647033844,-0.19413914880659072,-0.06462538346363042,25,-0.64843597954132,-0.24474766533149914,-1.1085373871969304,-0.07190937498139782,0.22999556698563,-0.4109584611303678,1.1096638731212078,-1.1550751628203653,0.054240583397594855,-0.14248678047257232
339,-0.2768868918939286,-0.22092940393287797,-0.21442340447567335,25,-0.9328897084572711,-0.10475853358802964,-1.1085373871969304,-0.38009241061595983,-0.7938923651845284,-0.4109584611303678,1.1417493796148395,0.7551047196516432,-0.7943070476225894,-0.15370823993766666
340,-0.26885473465130333,-0.21774937364913055,-0.17296365566179656,22,-0.5062091150833445,-0.38473679707496866,-0.5207137616395803,0.8526397319222883,0.11623024118894575,1.7438799118378516,0.4503067146770796,-0.040803564711693725,-0.6923073490152485,-0.15010213367426053
341,-0.2928023703391762,-0.22556944812048427,-0.26402703252084736,29,-0.5062091150833445,-0.38473679707496866,0.65493348947512,0.23627366065316419,0.22999556698563,1.7438799118378516,-0.6726860126000245,0.277559749033641,-0.7999445081004445,-0.15766858637071615
342,-0.28865408540300047,-0.22484944126378675,-0.25687029016607105,26,-1.9284777596631,-0.24474766533149914,-1.1085373871969304,-1.6128245531542078,-0.1113004104044228,-0.718792514411542,1.2331930731216894,0.5959230627789758,-1.027140187786778,-0.1570496899741226
343,-0.28293068833398,-0.22571944954896292,-0.26378024830171715,28,0.2760386394355209,0.035230598155439864,-1.4024491999756055,-0.38009241061595983,0.11623024118894575,-0.10312440784919362,1.42731038740816,-0.995893505947698,-1.573689059294665,-0.15561457306183338
344,-0.2952996007310345,-0.22631945526287753,-0.26402703252084736,22,-0.43509568285435674,-0.8047041923053772,0.3610216766964449,1.7771888388259742,-0.7938923651845284,-3.4892989939421097,-0.4946114515603694,1.3918313471423127,-1.243650129749765,-0.15884574018747355
345,-0.2931482686220884,-0.2252994455492227,-0.25316852687911773,25,1.6271938517862885,0.3152088616423789,0.06710986391776985,1.4690058031914122,0.0024649153922614736,0.820377751994329,-0.1841841762344842,-2.1101651040563696,-0.29046281118836476,-0.15799941109575064
346,-0.2730565118700128,-0.21666936336408427,-0.22972402606174694,10,0.20492520720653315,-0.10475853358802964,-1.4024491999756055,-0.6882754462505218,1.7089448023425255,-0.4109584611303678,1.4409467276679535,0.5959230627789758,-0.34135616887904074,-0.15302418466338147
347,-0.2462274991395473,-0.21250932374760964,-0.22503512589827276,29,-0.07952852170941792,-0.5247259288184382,-0.5207137616395803,-0.07190937498139782,-1.3627189941679498,-0.718792514411542,0.5353333068852032,-0.6775301922023632,-0.8277274419900168,-0.14295737546007767
348,-0.29293817976115294,-0.2257894502155863,-0.26106562189128474,27,-1.0751165729152468,0.3152088616423789,0.06710986391776985,-0.6882754462505218,0.45752621857899856,1.1282118052755032,-0.015735267142918567,-0.1999852215843611,-1.0282261457636348,-0.15796688690967844
349,-0.2829451007624347,-0.2217194114561989,-0.24156966857999745,28,-1.28845686960221,0.035230598155439864,-0.8146255744182553,-0.9964584818850839,1.82271012813921,-0.718792514411542,0.8794503640294016,-1.3142568196930327,-0.5433580417306157,-0.15519178136980238
350,-0.28334476848996626,-0.22135940802785012,-0.23367257356783044,28,-1.0751165729152468,0.17521972989890935,-0.5207137616395803,0.8526397319222883,-1.021423016777897,-0.4109584611303678,0.4591302289628283,0.4367414059063084,-0.40837872310942086,-0.15491404896616767
351,-0.27458256631369443,-0.2197693928859764,-0.23391935778696066,28,0.20492520720653315,-0.24474766533149914,-0.5207137616395803,0.8526397319222883,-1.5902496457613182,1.4360458585566775,0.46233877961219144,-1.1550751628203653,-0.718746229540281,-0.15202232077577554
352,-0.286489726676028,-0.2234094275503917,-0.22478834167914255,27,-0.43509568285435674,-0.24474766533149914,0.06710986391776985,-0.38009241061595983,-1.021423016777897,-0.10312440784919362,-0.029371607402711972,0.277559749033641,-0.6806198528825378,-0.15551936435233574
353,-0.2741208142789735,-0.2184993807915238,-0.2450246476478205,1,-0.07952852170941792,-0.6647150605619077,0.06710986391776985,-1.6128245531542078,-1.2489536683712654,-0.10312440784919362,0.06848918740286424,-1.1550751628203653,-0.5486641750190591,-0.15106235268570442
354,-0.281017161294536,-0.2201793967904847,-0.21318948338002228,28,-0.7906628439992957,0.8751653886162569,-0.8146255744182553,-0.38009241061595983,0.5712915443756829,-1.0266265676927162,0.8393434809123621,-0.995893505947698,-0.35832672313038944,-0.15457615498157987
355,-0.29546090906489264,-0.22632945535810944,-0.2642738167399776,27,0.9160595294964109,-1.7846281145096636,2.7123161789258456,-1.304641517519646,-1.021423016777897,0.820377751994329,-2.594607851568554,5.053009455213662,0.07243304998490965,-0.15887448152095457
356,-0.28227048824592155,-0.22205941469408383,-0.21022807275045963,25,-0.22175538616739346,-0.38473679707496866,-1.1085373871969304,1.7771888388259742,-1.5902496457613182,0.5125436987131547,0.9749047458479554,0.5959230627789758,-0.6872731955980702,-0.15507719346772006
357,-0.27641599351038065,-0.22266942050323035,-0.23786790529304416,28,-1.6440240307471488,-0.5247259288184382,-0.8146255744182553,0.8526397319222883,1.3676488249524728,-0.718792514411542,0.7350655848080596,-1.3142568196930327,-1.1123170158738442,-0.15304625639088432
358,-0.2811637800378538,-0.22145940898016922,-0.2526749584408573,24,0.3471520716645087,-0.38473679707496866,-1.4024491999756055,1.4690058031914122,0.5712915443756829,0.820377751994329,1.276508506888092,0.277559749033641,-0.6329135485955905,-0.15502539534729587
359,-0.27782065096054026,-0.2192693881243809,-0.2122023465035014,25,-1.0040031406862588,0.3152088616423789,-1.1085373871969304,-0.6882754462505218,1.3676488249524728,-0.4109584611303678,1.1505728939005881,0.11837809216097364,-0.4410032696424223,-0.15398004053985195
360,-0.2690883822895205,-0.22180941231328608,-0.25687029016607105,19,0.7027192328094476,-0.10475853358802964,0.3610216766964449,-1.304641517519646,0.45752621857899856,0.5125436987131547,-0.26118939181919987,0.4367414059063084,-1.1800361467104845,-0.1481806518573995
361,-0.2831513093541708,-0.22309942459820248,-0.2603252692338941,22,-1.28845686960221,-0.6647150605619077,-1.6963610127542805,1.1608227675568503,0.11623024118894575,0.820377751994329,1.598165709486748,0.5959230627789758,-0.8847774708475036,-0.15578477387068343
362,-0.28224859244115386,-0.2196793920288892,-0.2047988199295948,25,-0.9328897084572711,0.035230598155439864,-0.2268019488609052,1.1608227675568503,-1.3627189941679498,0.20470964543198059,0.14308799000055758,0.9142863765243106,-0.10829454533622604,-0.15415819941902442
363,-0.09428641229072288,-0.17382895539058124,-0.08091314192622488,26,-0.29286881839638124,-0.24474766533149914,-0.2268019488609052,-1.6128245531542078,-1.3627189941679498,0.20470964543198059,0.36287370948193365,-0.8367118490750306,-0.892006722320211,-0.09068307141319437
364,-0.22519172832369036,-0.2083192838454393,-0.19591458804090695,28,-1.28845686960221,0.4551979933858484,-0.8146255744182553,-0.9964584818850839,-0.33883106199779134,0.20470964543198059,0.8938888419515357,-0.6775301922023632,-0.9067670068260104,-0.13805063011804455
365,-0.29540076489230294,-0.22630945516764564,-0.2642738167399776,22,0.1338117749775454,0.4551979933858484,1.8305807405898202,-1.6128245531542078,0.7988221959690514,-0.10312440784919362,-1.7034329087079378,0.5959230627789758,-0.3874518590633668,-0.15885977273835533
366,-0.2775016373999377,-0.2149293467937319,-0.25094746890694575,24,-2.639612081952978,-0.9446933240488466,0.3610216766964449,-0.6882754462505218,-1.5902496457613182,-0.4109584611303678,-0.29327489831283143,-1.4734384765657,0.3156463934116633,-0.15152977088674063
367,-0.2827009209649622,-0.22334942697900023,-0.24280358967564855,28,-0.8617762762282833,0.035230598155439864,-1.4024491999756055,1.4690058031914122,-0.4525963877944756,0.5125436987131547,1.283727745849159,-0.1999852215843611,-0.9778857106749771,-0.15544981569968103
368,-0.28808119137192706,-0.2236994303121171,-0.2573638586043315,17,-1.4306837340601855,0.17521972989890935,-1.1085373871969304,-0.07190937498139782,1.2538834991557886,-0.718792514411542,1.1024446341601408,-1.3142568196930327,-0.5805879337959147,-0.15683249361653032
369,-0.2406257762261346,-0.19454915271109904,-0.15050629172094665,28,-0.15064195393840568,-0.10475853358802964,0.3610216766964449,-1.304641517519646,-1.021423016777897,0.5125436987131547,-0.25076160220876964,-0.3591668784570285,0.1376092849034472,-0.1366669638647104
370,-0.2658131579231953,-0.2094192943209494,-0.15470162344616037,27,-0.5062091150833445,2.6950241012813603,0.06710986391776985,-0.9964584818850839,-1.476484319964634,-0.10312440784919362,0.022767340649439288,-0.6775301922023632,0.10789673904070035,-0.147856666738987
371,-0.22329039641601575,-0.2031092342296141,-0.24675213718173206,29,2.1961013096181907,-0.24474766533149914,1.24275711503247,-0.6882754462505218,0.45752621857899856,0.20470964543198059,-1.1876583918228107,-0.6775301922023632,-0.6953579584450615,-0.11709240492280493
372,-0.29493374677795425,-0.22620945421532654,-0.2630398956443265,25,1.8405341484732518,-0.38473679707496866,-0.2268019488609052,1.7771888388259742,0.45752621857899856,0.20470964543198059,0.08132339000031685,4.893827798340994,-0.9318167675178528,-0.15872598561076717
373,-0.2854104575144413,-0.22413943450232113,-0.26106562189128474,28,-0.363982250625369,-0.24474766533149914,-1.4024491999756055,-0.6882754462505218,-0.1113004104044228,1.4360458585566775,1.4529787926030653,0.4367414059063084,-1.0274779644907353,-0.15628348061950975
374,-0.28022530921578587,-0.2207794025043993,-0.2447778634286903,24,0.2760386394355209,-0.10475853358802964,-1.4024491999756055,0.23627366065316419,-0.5663617135911598,-0.718792514411542,1.3839949536417575,-1.3142568196930327,-0.5567508699674232,-0.1548635623373809
375,0.7236804324951709,0.13605399565585,0.9975338956728321,22,-0.15064195393840568,-0.10475853358802964,-0.2268019488609052,-1.304641517519646,-0.1113004104044228,-0.10312440784919362,0.32918392766362053,-0.3591668784570285,-0.5863416346969843,0.18990945465543915
376,-0.2486188536146809,-0.203679239657833,-0.11003367978359072,28,0.6316058005804598,-0.10475853358802964,0.948845302253795,1.4690058031914122,0.9125875217657357,-0.10312440784919362,-1.0697441554587148,-0.995893505947698,-0.17252997113345978,-0.13315742541880424
377,-0.2851646147444548,-0.22275942136031754,-0.2292304576234865,22,0.1338117749775454,-0.38473679707496866,-1.6963610127542805,-0.38009241061595983,0.22999556698563,1.7438799118378516,1.720090634162548,1.2326496902696453,-0.6125842894219128,-0.15636112559792043
378,-0.16940260358606704,-0.17800899519751967,1.6344839652479275,28,3.1916893608240193,0.4551979933858484,0.948845302253795,1.7771888388259742,0.5712915443756829,-0.10312440784919362,-1.091401872341916,0.4367414059063084,-0.49653157759769256,-0.08894453612348627
379,-0.29289882274498824,-0.22583945069174585,-0.2632866798634567,28,-0.29286881839638124,-1.0846824557923163,-0.8146255744182553,0.5444566962877262,0.45752621857899856,0.5125436987131547,0.7655468159770096,-0.8367118490750306,-1.101159869342772,-0.1581369569100002
380,-0.25644507942765576,-0.21317933012814763,-0.22774975230870517,2,-1.5017971662891734,-0.5247259288184382,-1.6963610127542805,-0.38009241061595983,-1.476484319964634,1.4360458585566775,1.73212269909766,1.2326496902696453,-0.6456083594889865,-0.1492365637992183
381,-0.2541318846606802,-0.21594935650738672,-0.18036718223570314,24,-0.15064195393840568,0.3152088616423789,-0.8146255744182553,-0.6882754462505218,-1.5902496457613182,-0.10312440784919362,0.8778460887047199,1.2326496902696453,-0.9230348924446881,-0.14660005336194018
382,-0.2919537000328643,-0.2234094275503917,-0.25341531109824794,29,2.2672147418471784,-0.38473679707496866,2.7123161789258456,0.5444566962877262,1.7089448023425255,-0.10312440784919362,-2.759046072348416,0.277559749033641,0.9466078269612104,-0.15165639958788335
383,-0.2871166673138064,-0.224599438882989,-0.2578574270425919,24,-0.363982250625369,0.3152088616423789,-1.4024491999756055,-1.6128245531542078,1.1401181733591041,-0.4109584611303678,1.5179519432526694,-1.4734384765657,-1.0607094484404958,-0.1567608059955289
384,-0.29101439772453935,-0.22532944583491843,-0.25094746890694575,27,-0.43509568285435674,-0.10475853358802964,-1.4024491999756055,0.23627366065316419,1.481414150749157,-0.4109584611303678,1.3695564757196235,0.277559749033641,-1.0001558471022556,-0.15773457965106638
385,-0.29540963407904425,-0.22631945526287753,-0.2642738167399776,25,-1.6440240307471488,-0.5247259288184382,-1.1085373871969304,1.7771888388259742,1.481414150749157,2.051713965119026,0.9532470289647541,-0.3591668784570285,-0.6214718976464522,-0.15890697496009892
386,-0.2866471547406868,-0.22434943650219125,-0.25144103734520623,28,0.48937893612248423,-0.38473679707496866,-1.4024491999756055,1.4690058031914122,0.3437608927823143,1.1282118052755032,1.2781127822127736,1.55101300401498,-1.0052057869162687,-0.15652096812015273
387,-0.2902896188705205,-0.2252194447873674,-0.2553895848512897,28,0.6316058005804598,-0.38473679707496866,-1.4024491999756055,-1.304641517519646,-1.5902496457613182,0.820377751994329,1.511534841953943,-0.040803564711693725,-1.034257851385051,-0.15758130036067966
388,-0.21051599588763062,-0.19210912947451297,-0.2033181146148135,28,0.8449460972674231,-0.10475853358802964,-0.5207137616395803,1.7771888388259742,0.685056870172367,0.20470964543198059,0.37330149909236393,0.4367414059063084,-0.4333347432418355,-0.13018765495362306
389,-0.2894974896296847,-0.22485944135901867,-0.25958491657650345,27,-0.22175538616739346,-0.38473679707496866,0.06710986391776985,0.5444566962877262,1.02635284756242,-0.718792514411542,-0.11680461259785793,0.7551047196516432,-0.9329071443323549,-0.15659815881596284
390,-0.280922371861238,-0.22257941964614314,-0.22849010496609584,19,-0.29286881839638124,-0.10475853358802964,0.06710986391776985,1.7771888388259742,0.11623024118894575,-0.10312440784919362,-0.20905044376704862,-0.3591668784570285,-0.8995895594280524,-0.15309638889780314
391,-0.26731011034788194,-0.21784937460144965,-0.22108657839218926,28,-1.0751165729152468,4.234904550459524,-1.1085373871969304,-0.38009241061595983,-1.2489536683712654,0.820377751994329,1.1441557926018617,-0.995893505947698,-0.7609562660594472,-0.1510240088497552
392,-0.29464383523634674,-0.22592945154883304,-0.26402703252084736,27,-1.1462300051442345,-0.10475853358802964,0.06710986391776985,0.23627366065316419,1.1401181733591041,1.1282118052755032,-0.09354262038997506,0.4367414059063084,-0.1438203317745481,-0.15860298102682613
393,-0.2565836604704892,-0.21545935184102313,-0.19221282475395365,25,-0.5062091150833445,0.5951871251293178,-1.1085373871969304,-0.6882754462505218,-0.9076576909812127,1.4360458585566775,1.165813509485063,1.073468033396978,-0.8311243955747137,-0.14806648292128277
394,-0.2686690360539065,-0.2112693119388528,-0.23688076841652328,28,-0.22175538616739346,-0.38473679707496866,-0.2268019488609052,0.8526397319222883,-0.9076576909812127,-0.4109584611303678,0.16474570688375886,0.277559749033641,0.08125036072478613,-0.1493235947424329
395,-0.2245927810565643,-0.2003292077551431,-0.16481977643049933,28,-0.5773225473123323,0.7351762568727874,-0.5207137616395803,0.5444566962877262,-1.3627189941679498,1.7438799118378516,0.48560077182007433,1.073468033396978,-0.5495085148589777,-0.13564647926593476
396,-0.19462906513720676,-0.19127912157026444,-0.18530286661830753,28,-0.15064195393840568,-0.10475853358802964,-0.2268019488609052,1.4690058031914122,1.7089448023425255,-0.10312440784919362,0.09656400558479183,-1.7918017903110348,-0.6118701098624517,-0.1220954254802635
397,-0.24559584674631255,-0.1825590385280388,-0.11348865885141379,20,1.200513258412362,-0.38473679707496866,1.24275711503247,1.1608227675568503,-0.5663617135911598,-1.3344606209738905,-1.3264282074077671,-0.8367118490750306,1.1008839368340961,-0.12806025446665956
398,-0.2586754027310169,-0.21439934174644065,-0.13298461216270108,24,-0.5062091150833445,0.4551979933858484,-1.1085373871969304,1.7771888388259742,-0.4525963877944756,-0.10312440784919362,0.9668833692245475,-0.995893505947698,-0.6866785998129671,-0.1481796793215304
399,-0.2709068427335807,-0.21702936679243304,-0.21392983603741292,28,0.20492520720653315,-0.38473679707496866,-1.4024491999756055,1.4690058031914122,1.1401181733591041,-0.10312440784919362,1.272497818576388,1.073468033396978,-0.5105798797441291,-0.15222362146464133
400,1.877409188396286,0.6480388713391851,5.745909055957377,27,-0.5773225473123323,-0.8047041923053772,0.3610216766964449,0.8526397319222883,-1.476484319964634,-0.4109584611303678,-0.4168040983133129,0.5959230627789758,-0.43499602894022554,0.7722515996416917
401,-0.23537466335109045,-0.19960920089844558,-0.04463586171408269,22,-0.5062091150833445,-0.24474766533149914,-0.2268019488609052,0.23627366065316419,-0.33883106199779134,1.7438799118378516,0.20966541597484303,0.9142863765243106,-0.2980645871390711,-0.13766823584974897
402,-0.25055815672809184,-0.2111993112722294,-0.23614041575913264,24,1.1293998261833742,-0.24474766533149914,0.06710986391776985,0.23627366065316419,1.82271012813921,-0.4109584611303678,-0.09755330870167901,0.7551047196516432,-0.6459926584349936,-0.14154930928075543
403,-0.2648331127882773,-0.21855938136291528,-0.24971354781129468,28,0.06269834274855762,-0.6647150605619077,-1.6963610127542805,-1.6128245531542078,0.11623024118894575,0.5125436987131547,1.8171492913057834,1.073468033396978,-0.9145466329419029,-0.15144381762564832
404,-0.2883209365760289,-0.22186941288467754,-0.24206323701825788,27,-0.64843597954132,2.8350132330248297,0.06710986391776985,-0.6882754462505218,-0.22506573620110706,0.20470964543198059,-0.010922441168873835,0.4367414059063084,0.2823751374279797,-0.15622819144187844
405,-0.29549583148768666,-0.22634945554857328,-0.2642738167399776,27,3.262802793053007,5.774784999637689,3.0062279917045207,1.1608227675568503,-1.3627189941679498,-5.028469260347981,-3.0782968619600495,-2.1101651040563696,-1.7357507969549044,-0.15892893521667845
406,-0.2826682158388535,-0.19196912814126624,-0.19122568787743277,24,-0.7195494117703078,-0.8047041923053772,2.7123161789258456,1.1608227675568503,0.11623024118894575,1.1282118052755032,-2.7967465424784326,-0.3591668784570285,6.927241019891822,-0.13087446491963808
407,-0.28294122049323533,-0.22031939812373147,-0.2006034882043811,28,-0.43509568285435674,0.035230598155439864,-0.5207137616395803,0.8526397319222883,0.0024649153922614736,-5.028469260347981,0.4519109900017612,-0.6775301922023632,-0.1832872549912475,-0.1547727738533823
408,-0.26857535526895115,-0.2007192114691876,-0.25070068468781553,27,0.06269834274855762,2.2750567060509517,0.06710986391776985,-1.304641517519646,1.02635284756242,-0.10312440784919362,0.027580166623484018,-0.1999852215843611,1.3416819788665033,-0.14890152656469133
409,-0.2790698204806408,-0.22123940688506719,-0.17938004535918226,25,0.4182655038934965,-0.10475853358802964,0.3610216766964449,-1.304641517519646,1.2538834991557886,-0.10312440784919362,-0.2668043554555854,0.11837809216097364,-0.7302025162095982,-0.15223240058955867
410,1.0138530607873948,0.3244957902059646,1.2240818088343732,10,-0.7195494117703078,0.7351762568727874,-0.2268019488609052,0.5444566962877262,-1.3627189941679498,-0.4109584611303678,0.19282052506568648,0.4367414059063084,-0.3758540673768211,0.3063499507840342
411,-0.24976575032517032,-0.2104993046059957,-0.24576500030521117,27,0.20492520720653315,-0.5247259288184382,-1.1085373871969304,1.4690058031914122,-0.6801270393878441,-4.720635207066807,0.9933539120817935,0.4367414059063084,-0.6153961533415384,-0.1456587157797513
412,-0.27932065216816926,-0.21931938860054045,-0.23910182638869526,24,-0.43509568285435674,0.035230598155439864,-1.1085373871969304,0.5444566962877262,1.82271012813921,-0.10312440784919362,1.048701410783308,0.277559749033641,-0.3309329455128014,-0.1542959785712603
413,-0.26006204464560817,-0.2141493393656429,-0.18925141412439103,28,-0.8617762762282833,0.3152088616423789,-0.8146255744182553,-1.304641517519646,0.3437608927823143,1.1282118052755032,0.9115358705230331,0.11837809216097364,-0.6228199187581867,-0.1484510575977656
414,-0.27661693602248916,-0.22080940279009506,-0.24650535296260184,28,-0.363982250625369,-0.9446933240488466,-1.1085373871969304,-1.6128245531542078,-0.22506573620110706,0.820377751994329,1.2331930731216894,0.7551047196516432,-0.7872227514647201,-0.153737589924004
415,-0.23927433389642302,-0.21002930013009594,-0.20159062508090198,28,-1.0751165729152468,-0.6647150605619077,-0.5207137616395803,0.23627366065316419,-1.1351883425745812,-0.4109584611303678,0.509664901690298,-0.5183485353296958,-0.7974384259207778,-0.14058247072698296
416,-0.28050967751568007,-0.22318942545528966,-0.2551428006321595,25,-0.22175538616739346,-0.5247259288184382,-1.6963610127542805,-1.6128245531542078,-0.33883106199779134,1.4360458585566775,1.8203578419551465,0.11837809216097364,-1.0541832277738474,-0.15527460789860117
417,-0.2787017492308752,-0.2221394154559391,-0.22454155746001234,10,-1.1462300051442345,-1.3646607192792553,-0.5207137616395803,0.8526397319222883,1.7089448023425255,-0.10312440784919362,0.43907678740430856,-1.3142568196930327,-0.9254608723439204,-0.15334949556348518
418,-0.2822826833776909,-0.21907938631497462,-0.20405846727220417,28,-0.7195494117703078,-0.8047041923053772,-0.5207137616395803,-0.07190937498139782,-0.6801270393878441,-0.10312440784919362,0.5297183432488177,-0.6775301922023632,0.04267971019289101,-0.1546417943135108
419,-0.2510176914661275,-0.21912938679113417,-0.1435963335853005,28,-0.7906628439992957,0.5951871251293178,-0.8146255744182553,0.5444566962877262,0.3437608927823143,-1.0266265676927162,0.7671510913016911,0.11837809216097364,-1.2110417144016878,-0.14531735429156506
420,-0.2872042505328771,-0.22294942316972383,-0.2539088795365084,28,-0.43509568285435674,-0.8047041923053772,-0.8146255744182553,-0.6882754462505218,-1.5902496457613182,0.20470964543198059,0.8778460887047199,1.073468033396978,-0.4103899305024787,-0.15646018567228095
421,-0.28995841017814866,-0.2256894492632672,-0.26180597454867544,27,-0.7195494117703078,-0.10475853358802964,0.06710986391776985,-0.9964584818850839,-1.5902496457613182,1.4360458585566775,0.023569478311780075,-1.7918017903110348,-1.350532168368037,-0.15686646958777115
422,-0.2751518572376542,-0.21547935203148696,-0.17370400831918723,28,-1.2173434373732221,0.17521972989890935,-0.5207137616395803,0.8526397319222883,-0.6801270393878441,-0.4109584611303678,0.4567238159758059,0.277559749033641,-0.008672139324247069,-0.1522005720064874
423,-0.2424065426265441,-0.20670926851310176,-0.14384311780443074,28,-0.008415089480430146,0.8751653886162569,-0.8146255744182553,0.8526397319222883,-1.5902496457613182,-0.718792514411542,0.7559211640289201,1.8693763177603147,-0.5399360792448576,-0.14263730148104634
424,-0.2873835744023036,-0.22222941631302628,-0.2395953948269557,25,-1.0040031406862588,-0.10475853358802964,-0.8146255744182553,-0.07190937498139782,-1.5902496457613182,-0.718792514411542,0.8297178289642726,1.3918313471423127,-0.09422724036230326,-0.15648597365463116
425,-0.23923331390774433,-0.1955991627104496,-0.06215754127232823,27,-1.0040031406862588,0.035230598155439864,0.06710986391776985,-1.6128245531542078,0.9125875217657357,-0.10312440784919362,0.053248571818389254,0.5959230627789758,0.030920124642477717,-0.13812549800452387
426,-0.2459600377268788,-0.2126593251760883,-0.2238012048026217,22,-0.43509568285435674,-0.10475853358802964,-0.2268019488609052,1.1608227675568503,0.7988221959690514,-0.4109584611303678,0.12864951207842337,0.5959230627789758,-0.8424182593742844,-0.14100718871209122
427,-0.2709861110900814,-0.21685936517349055,-0.1514934285974675,25,0.20492520720653315,-0.6647150605619077,0.948845302253795,-1.304641517519646,1.5951794765458414,-0.10312440784919362,-0.8547712619513834,0.11837809216097364,-0.48419780417939395,-0.14660450038233241
428,-0.28221006691124617,-0.21973939260028066,-0.19764207757481847,28,0.8449460972674231,-0.5247259288184382,0.06710986391776985,-0.6882754462505218,1.1401181733591041,-0.4109584611303678,-0.01974595545462251,-0.6775301922023632,-0.1276108198520735,-0.15391205885929196
429,-0.2666571164740509,-0.21332933155662628,-0.20924093587393877,22,-1.7862508952051244,0.3152088616423789,-0.5207137616395803,1.1608227675568503,1.82271012813921,-0.4109584611303678,0.4150126575340849,0.11837809216097364,-0.2764034328024183,-0.14928476912810498
430,-0.2901507606656014,-0.2251994445969036,-0.2627931114251963,28,-1.2173434373732221,0.035230598155439864,-1.4024491999756055,1.1608227675568503,-0.5663617135911598,0.820377751994329,1.3093961510440641,0.7551047196516432,-1.0403856121417527,-0.1574854300137119
431,-0.2797732578540632,-0.21881938383894495,-0.21541054135219423,29,-0.5773225473123323,0.4551979933858484,-0.5207137616395803,-1.6128245531542078,0.685056870172367,0.5125436987131547,0.6412154783141873,-0.040803564711693725,-0.18770254787864207,-0.15396864355985546
432,-0.25127129477451265,-0.20697927108436334,-0.1983824302322091,28,-0.43509568285435674,-0.24474766533149914,0.3610216766964449,-0.07190937498139782,1.7089448023425255,-0.4109584611303678,-0.3654672879235024,0.4367414059063084,-0.3199756508188715,-0.1403030991185376
433,-0.2699894362300234,-0.21716936812567977,-0.19986313554699045,28,-0.15064195393840568,-0.8047041923053772,-0.5207137616395803,-0.07190937498139782,-1.021423016777897,-0.10312440784919362,0.5321247562358401,0.4367414059063084,-0.572386961671265,-0.15065518634506375
434,-0.2583386507969317,-0.21534935079347212,-0.2228140679261008,24,-0.7195494117703078,-0.10475853358802964,-1.1085373871969304,1.4690058031914122,1.2538834991557886,-0.4109584611303678,0.9797175718220001,0.7551047196516432,-0.7788292512954545,-0.148113306751073
435,-0.28082397932082626,-0.22032939821896336,-0.23317900512957002,22,-0.5062091150833445,-0.24474766533149914,-0.2268019488609052,-0.6882754462505218,0.3437608927823143,-0.10312440784919362,0.27784711727381006,0.7551047196516432,-0.4095079402174134,-0.15383978454083203
436,-0.29187637181096326,-0.22510944373981642,-0.2632866798634567,27,-0.22175538616739346,-0.38473679707496866,0.06710986391776985,-1.304641517519646,0.7988221959690514,1.4360458585566775,0.029184441948165597,0.9142863765243106,-0.6285808070739802,-0.1575841760605403
437,-0.28098556481677,-0.22328942640760877,-0.2551428006321595,28,0.3471520716645087,-0.10475853358802964,-1.4024491999756055,-0.07190937498139782,-0.22506573620110706,-0.718792514411542,1.4056526705249588,-1.7918017903110348,-1.0541073446848472,-0.15508363467778138
438,-0.2664808413875667,-0.2143393411750492,-0.2504539004686853,29,1.0582863939543863,-0.10475853358802964,0.3610216766964449,1.7771888388259742,-1.2489536683712654,0.5125436987131547,-0.492205038573347,0.277559749033641,-0.397787327905919,-0.14617289551227003
439,-0.25852628952892814,-0.20878928832133908,-0.11274830619402312,25,0.4182655038934965,1.715100179077074,1.24275711503247,-0.38009241061595983,1.1401181733591041,-0.4109584611303678,-1.2157332100047384,-0.6775301922023632,-0.2004029131556614,-0.1372315950097627
440,-0.2823436590365376,-0.2203793986951229,-0.21911230463914752,26,-0.7906628439992957,-0.5247259288184382,-0.2268019488609052,-1.6128245531542078,-1.021423016777897,-0.10312440784919362,0.36046729649491127,-0.995893505947698,-0.2685636909580241,-0.15446817117187805
441,-0.2811319063980021,-0.22394943269291484,-0.23614041575913264,28,-0.43509568285435674,-0.5247259288184382,-0.5207137616395803,-1.304641517519646,0.9125875217657357,0.820377751994329,0.6147449354569413,-0.1999852215843611,-1.1956819934002947,-0.15436748960849953
442,-0.2842702126940079,-0.2237994312644362,-0.26131240611041495,22,-1.0040031406862588,-0.24474766533149914,-1.4024491999756055,-1.6128245531542078,0.7988221959690514,0.20470964543198059,1.5195562185773508,0.7551047196516432,-1.0015178918186844,-0.15602410464481953
443,-0.28092791510295134,-0.21949939031471483,-0.23885504216956505,22,-1.0751165729152468,-0.10475853358802964,-0.2268019488609052,-0.07190937498139782,0.45752621857899856,0.5125436987131547,0.22811458220868117,-0.5183485353296958,-0.2158877192321601,-0.15380609733859618
444,-0.17447910434714106,-0.18696908052531117,-0.17148295034701524,28,-0.5062091150833445,-0.5247259288184382,-1.6963610127542805,0.8526397319222883,-0.4525963877944756,1.4360458585566775,1.6262405276686758,0.5959230627789758,-0.6838774638508422,-0.12824976525338017
445,-0.043871737556265444,-0.12695850903861844,-0.11274830619402312,22,0.9871729617253986,-0.38473679707496866,0.06710986391776985,1.1608227675568503,-0.9076576909812127,-0.4109584611303678,-0.15209866974085262,0.4367414059063084,-0.4589440995379011,-0.059952207467920224
446,2.222578812185297,6.2984626808919915,0.5762732336175483,19,-2.0707046241210754,-1.7846281145096636,3.3001398044831958,-0.6882754462505218,-0.4525963877944756,-0.718792514411542,-3.2315051554671403,-2.038533358463669,6.640144763820588,21.840484060788032
447,-0.2818650001145909,-0.22121940669460338,-0.2539088795365084,19,0.7738326650384353,-0.24474766533149914,0.3610216766964449,-1.304641517519646,-1.1351883425745812,-0.10312440784919362,-0.24995946454642884,-0.040803564711693725,-0.5192717041897612,-0.15340243328182587
448,-0.28182619742259757,-0.2238994322167553,-0.2551428006321595,24,-1.0751165729152468,-0.6647150605619077,-1.4024491999756055,-0.6882754462505218,0.0024649153922614736,1.4360458585566775,1.4521766549407247,1.2326496902696453,-1.1564302924992467,-0.15534153257698233
449,-0.277422369043437,-0.21786937479191348,-0.1408817071748681,25,0.7027192328094476,-0.5247259288184382,0.06710986391776985,-0.07190937498139782,-0.33883106199779134,-2.257962780817413,-0.05824856324698036,1.073468033396978,-0.21915226152860132,-0.1520237621308288
450,-0.26244231263731504,-0.2207494022187036,-0.23860825795043483,28,-0.07952852170941792,0.17521972989890935,-1.1085373871969304,1.4690058031914122,-1.476484319964634,0.5125436987131547,0.9981667380558382,-0.3591668784570285,-1.1881103428926365,-0.1493487416018444
451,-0.28768069215813846,-0.22275942136031754,-0.24305037389477877,28,-0.43509568285435674,-0.38473679707496866,-0.2268019488609052,1.7771888388259742,-0.5663617135911598,-0.10312440784919362,0.08854262896138396,-0.3591668784570285,-0.2510202626352283,-0.15607145448352241
452,-0.27376410667472023,-0.21399933793716425,-0.0954734108549078,29,1.4138535550993252,-0.9446933240488466,0.65493348947512,1.7771888388259742,-0.7938923651845284,0.20470964543198059,-0.788193835977098,-0.1999852215843611,0.10117775627880299,-0.1482828808850557
453,-0.22164100484421234,-0.21158931498627392,-0.23095794715739804,28,-0.29286881839638124,4.094915418716055,-1.6963610127542805,-0.38009241061595983,0.0024649153922614736,-0.718792514411542,1.7224970471495704,1.3918313471423127,-1.089741592965111,-0.14056063395442597
454,-0.26261498461668553,-0.2182693786011899,-0.24921997937303425,28,-0.64843597954132,0.17521972989890935,-1.1085373871969304,0.23627366065316419,-0.9076576909812127,-0.10312440784919362,1.0928189822120513,-1.1550751628203653,-0.9414344423006621,-0.14960070325843536
455,-0.26078211174417065,-0.21389933698484515,-0.2112152096269805,28,-0.8617762762282833,-0.10475853358802964,0.06710986391776985,0.23627366065316419,1.5951794765458414,-0.10312440784919362,-0.09675117103933822,-1.3142568196930327,-0.5764559197582224,-0.14550743437553423
456,-0.25290267081074774,-0.21237932250959482,-0.1902385510009119,25,-0.29286881839638124,-0.24474766533149914,0.06710986391776985,0.8526397319222883,0.5712915443756829,-0.10312440784919362,-0.13926446714340002,0.7551047196516432,-0.6755596335280057,-0.1422439359329827
457,-0.24591652327942912,-0.1960691671863494,-0.048584409220166186,29,0.06269834274855762,-0.8047041923053772,0.948845302253795,-0.9964584818850839,-1.2489536683712654,0.820377751994329,-0.8579798126007466,0.11837809216097364,0.23841782763870237,-0.1339635880279728
458,-0.26460944298514416,-0.2187893835532492,-0.25144103734520623,22,-1.28845686960221,0.3152088616423789,-1.1085373871969304,1.7771888388259742,-0.7938923651845284,0.820377751994329,0.9692897822115698,0.277559749033641,-0.944563884198565,-0.1499175718080663
459,-0.2864021434569573,-0.22198941402746045,-0.24403751077129965,22,-0.07952852170941792,0.17521972989890935,-0.2268019488609052,-0.38009241061595983,1.82271012813921,1.1282118052755032,0.24335519779315615,-0.1999852215843611,-0.1860678620315067,-0.15574581202566457
460,-0.13134575476523747,-0.18884909842891026,-0.18086075067396357,28,-1.0751165729152468,0.035230598155439864,-0.8146255744182553,0.8526397319222883,0.0024649153922614736,-0.718792514411542,0.744691236756149,-1.4734384765657,-0.9972956897401739,-0.10841167380516187
461,-0.27263467117562784,-0.21733936974462223,-0.2008502724235113,25,-0.7906628439992957,0.17521972989890935,-1.1085373871969304,0.23627366065316419,-0.22506573620110706,-0.4109584611303678,1.0888082939003474,0.4367414059063084,-0.4618170364017945,-0.15243844653268646
462,-0.2655595546148101,-0.2198593937430636,-0.1966549406982976,28,-0.15064195393840568,-0.10475853358802964,-0.5207137616395803,-1.304641517519646,-1.476484319964634,0.820377751994329,0.6315898263660978,-0.8367118490750306,-1.0349881116779094,-0.14945872905077728
463,-0.2623278446959347,-0.20311923432484602,-0.0016954075854245776,22,-0.363982250625369,0.4551979933858484,1.24275711503247,-0.9964584818850839,0.685056870172367,-0.4109584611303678,-1.163594261952587,0.277559749033641,0.5281392570293415,-0.1399217179192745
464,-0.2902402840192718,-0.22365942993118945,-0.23614041575913264,28,-0.43509568285435674,1.155143652103196,-0.8146255744182553,0.5444566962877262,1.2538834991557886,-0.4109584611303678,0.7607339900029648,0.7551047196516432,-0.0814985514326663,-0.15732098454749455
465,-0.2536629264117319,-0.19482915537759252,-0.13594602279226373,28,1.200513258412362,0.17521972989890935,1.24275711503247,0.8526397319222883,-0.6801270393878441,0.20470964543198059,-1.3023640775375436,-0.1999852215843611,0.6997914780374895,-0.13335137473655406
466,-0.14781029130219103,-0.19061911528495837,-0.2200994415156684,27,-1.0751165729152468,-0.38473679707496866,0.06710986391776985,-0.9964584818850839,-1.5902496457613182,1.4360458585566775,0.023569478311780075,-1.4734384765657,-0.9537112492193621,-0.1038392697287392
467,-0.2882655041588955,-0.22326942621714496,-0.2292304576234865,28,-1.0040031406862588,0.8751653886162569,-0.8146255744182553,0.23627366065316419,-0.6801270393878441,0.5125436987131547,0.7984344601329819,-1.3142568196930327,-0.35892518164994675,-0.15673558052608594
468,-0.09241556821247164,-0.161948842255072,-0.11669685370010663,28,-0.15064195393840568,0.4551979933858484,-0.5207137616395803,-1.6128245531542078,-1.3627189941679498,0.820377751994329,0.6556539562363215,-1.4734384765657,-0.7106832314290255,-0.09505001369613665
469,-0.2664143224870067,-0.21907938631497462,-0.25588315328955014,28,-1.2173434373732221,0.3152088616423789,-1.6963610127542805,0.8526397319222883,0.5712915443756829,-0.10312440784919362,1.6190212887076085,0.5959230627789758,-0.9276953226934677,-0.15154829876376832
470,-0.2784584009196597,-0.2138293363182218,-0.1704958134704944,28,0.6316058005804598,-0.8047041923053772,0.06710986391776985,-1.304641517519646,1.481414150749157,1.7438799118378516,0.024371615974120863,-0.1999852215843611,0.6395310844222264,-0.15257798370013592
471,-0.20980285784120983,-0.1945991531872586,-0.026867397936706915,29,0.4182655038934965,4.514882813946464,-1.6963610127542805,-1.6128245531542078,-0.33883106199779134,1.1282118052755032,1.8203578419551465,0.5959230627789758,-0.5380994074697543,-0.1380172495295543
472,-0.2561221855978539,-0.1970791768047723,-0.12113896964445058,28,-0.22175538616739346,-0.24474766533149914,-1.1085373871969304,-1.6128245531542078,-1.021423016777897,0.5125436987131547,1.238808036758075,2.8244662589963188,0.6671953659414016,-0.1481115060858751
473,-0.2609076661689777,-0.21508934831744245,-0.18727714037134927,19,-0.5062091150833445,-0.38473679707496866,0.06710986391776985,1.1608227675568503,-1.5902496457613182,-0.10312440784919362,-0.1480879814291487,-0.040803564711693725,-0.6834581276463644,-0.14534329525032694
474,-0.2856438279905728,-0.22195941374176473,-0.18875784568613058,25,0.9871729617253986,-0.10475853358802964,0.06710986391776985,-1.304641517519646,-1.2489536683712654,0.20470964543198059,0.043622919870299794,-0.6775301922023632,-0.29549566409534983,-0.1552784995054382
475,-0.15296550609559445,-0.19229913128391926,-0.1006558794566424,27,-1.4306837340601855,-0.24474766533149914,-0.2268019488609052,-0.6882754462505218,-1.5902496457613182,1.1282118052755032,0.2914834575336035,6.644826023940335,-0.9635265626796087,-0.10964578539980784
476,-0.2901978782201648,-0.22565944897757148,-0.26205275876780565,28,0.20492520720653315,-0.38473679707496866,-1.6963610127542805,-0.07190937498139782,0.685056870172367,0.5125436987131547,1.6920158159806205,-0.8367118490750306,-1.314821713849682,-0.15760645329283285
477,-0.2730445939003291,-0.21550935231718268,-0.1564291129800719,25,-1.28845686960221,-0.10475853358802964,-0.2268019488609052,1.1608227675568503,1.5951794765458414,-0.4109584611303678,0.12303454844203786,-0.040803564711693725,-0.1750881602650144,-0.1507949482231879
478,-0.28808313150652676,-0.22457943869252517,-0.2539088795365084,24,-0.15064195393840568,0.17521972989890935,-0.8146255744182553,0.8526397319222883,-0.7938923651845284,-1.0266265676927162,0.7503062003925346,0.5959230627789758,-0.9639872673979885,-0.15665390828241843
479,-0.2526354865601649,-0.20666926813217412,-0.1551951918844208,28,-1.3595703018311978,-0.38473679707496866,-1.4024491999756055,-0.07190937498139782,-1.2489536683712654,-0.4109584611303678,1.412871909486026,1.2326496902696453,-0.2515347328902377,-0.14758136818156228
480,-0.2841967647413062,-0.22222941631302628,-0.23515327888261175,29,1.8405341484732518,0.17521972989890935,0.65493348947512,-0.07190937498139782,0.3437608927823143,0.5125436987131547,-0.6494240203921415,-1.3142568196930327,-0.5571715095234935,-0.15367693867036716
481,-0.24264933661358826,-0.1923391316648469,-0.11694363791923686,25,0.7738326650384353,0.3152088616423789,0.06710986391776985,1.1608227675568503,1.481414150749157,-0.4109584611303678,-0.1689435606500092,0.11837809216097364,0.3445193277718731,-0.13803505268170208
482,-0.295496385811858,-0.22634945554857328,-0.2642738167399776,24,-2.141818056350063,-1.7846281145096636,2.1244925533684955,-0.38009241061595983,-0.4525963877944756,-1.3344606209738905,-2.0836461606574717,-0.1999852215843611,-1.7357507969549044,-0.15893219787070623
483,-0.2595673103226928,-0.211579314891042,-0.14211562827051918,26,-0.5773225473123323,0.3152088616423789,-1.1085373871969304,0.8526397319222883,1.7089448023425255,-0.718792514411542,1.025439418575425,-0.6775301922023632,-0.40692753085374356,-0.14857970647363586
484,-0.2875606809750447,-0.22421943526417643,-0.25440244797476885,28,-0.363982250625369,-0.10475853358802964,-1.1085373871969304,-1.6128245531542078,0.7988221959690514,2.051713965119026,1.2259738341606221,0.4367414059063084,-0.8681597732695542,-0.1567454076097416
485,-0.291558744060789,-0.22461943907345283,-0.2630398956443265,28,-0.008415089480430146,-0.24474766533149914,0.65493348947512,0.23627366065316419,0.0024649153922614736,-0.4109584611303678,-0.6702795996130021,0.5959230627789758,-0.3156621528052763,-0.15708684806954445
486,0.3009508793014909,-0.05091778489517378,0.3314632882403711,27,1.6983072840152764,0.17521972989890935,-0.8146255744182553,0.8526397319222883,0.9125875217657357,-1.6422946742550646,0.7382741354574227,-1.3142568196930327,-0.784997739593895,0.024922715386711824
487,-0.2954595232544643,-0.2262894549771818,-0.2642738167399776,10,-0.29286881839638124,-1.7846281145096636,2.4184043661471706,1.4690058031914122,0.22999556698563,1.1282118052755032,-2.52963470091895,-2.1101651040563696,3.4863921042817227,-0.15887685427785728
488,-0.17391923693409403,-0.1728189457721583,0.2566876698439147,28,0.20492520720653315,-0.5247259288184382,0.06710986391776985,0.8526397319222883,-1.1351883425745812,-0.10312440784919362,-0.1272324022082882,0.277559749033641,-0.31250333015980036,-0.111474222401186
489,-0.2802929367646886,-0.21261932479516066,-0.10139623211403305,29,1.1293998261833742,-0.10475853358802964,1.24275711503247,0.8526397319222883,-0.4525963877944756,1.1282118052755032,-1.303968352862225,-0.1999852215843611,1.1834005877724592,-0.1496282807314637
490,0.1805286648347007,-0.061867889174115384,0.7509964607617434,22,-0.7195494117703078,2.415045837794421,-1.6963610127542805,-0.38009241061595983,-1.3627189941679498,1.4360458585566775,1.731320561435319,1.55101300401498,-0.6188382820739201,-0.04072416195532747
491,-0.26978433628662996,-0.216139358316793,-0.23293222091043977,22,-0.363982250625369,-0.24474766533149914,-0.2268019488609052,-0.38009241061595983,0.0024649153922614736,0.20470964543198059,0.2561894003906088,-1.4734384765657,-0.45217805632433433,-0.1499548739017814
492,-0.2195276439410026,-0.2093092932733984,-0.13249104372444065,29,-1.1462300051442345,-0.24474766533149914,-1.6963610127542805,-1.6128245531542078,0.11623024118894575,1.4360458585566775,1.8171492913057834,0.4367414059063084,-1.0106987339935292,-0.1403793161618393
493,-0.2888661143985356,-0.22567944916803528,-0.25958491657650345,27,-0.15064195393840568,0.4551979933858484,0.06710986391776985,0.5444566962877262,-0.6801270393878441,1.1282118052755032,-0.10557468532508689,-1.4734384765657,-1.409116742089277,-0.1563613445059937
494,-0.2941662849627428,-0.22557944821571618,-0.2600784850147639,27,-1.2173434373732221,-0.38473679707496866,0.06710986391776985,-0.38009241061595983,-0.5663617135911598,1.1282118052755032,-0.03258015805207513,-1.6326201334383674,0.1351544271756344,-0.1584278501094364
495,-0.28099803711062504,-0.22431943621649553,-0.25662350594694083,27,-0.8617762762282833,-0.5247259288184382,0.06710986391776985,0.5444566962877262,0.22999556698563,-0.4109584611303678,-0.11118964896147242,-0.995893505947698,-1.2831604201716953,-0.1533006760941115
496,-0.2651216385194565,-0.21347933298510494,-0.22972402606174694,22,-0.22175538616739346,-0.38473679707496866,0.3610216766964449,0.23627366065316419,-0.6801270393878441,-0.10312440784919362,-0.37348866454691027,0.277559749033641,-0.3661372868744761,-0.14610320433156931
497,-0.02967660417675203,-0.14559868655089894,0.030633325120634113,24,-0.29286881839638124,-0.38473679707496866,-0.2268019488609052,-0.9964584818850839,-0.6801270393878441,1.4360458585566775,0.30993262376744163,-1.6326201334383674,-0.7537973433457971,-0.06747299057621443
498,-0.24373913793443033,-0.2136593346992793,-0.2292304576234865,28,-0.22175538616739346,0.7351762568727874,-0.8146255744182553,0.5444566962877262,1.3676488249524728,-0.4109584611303678,0.759931852340624,-0.8367118490750306,-0.9432052286868364,-0.1430617229322848
499,-0.20107142065644704,-0.2031792348962375,-0.22577547855566343,26,-1.28845686960221,2.2750567060509517,-1.6963610127542805,1.7771888388259742,-1.2489536683712654,0.20470964543198059,1.5588609640320494,0.5959230627789758,-0.9425666118645546,-0.13466512907403216
500,-0.27575052734269456,-0.2106093056535467,-0.15716946563746256,27,-0.5062091150833445,0.5951871251293178,0.06710986391776985,-1.304641517519646,0.9125875217657357,-0.4109584611303678,0.029184441948165597,0.4367414059063084,0.8409187989811849,-0.1515784783161575
501,0.0912436705579815,-0.029567581575045646,0.7727134720452027,28,-0.22175538616739346,-0.24474766533149914,0.3610216766964449,0.23627366065316419,-0.1113004104044228,-0.4109584611303678,-0.37669721519627347,0.7551047196516432,-0.09100945298778823,0.004586770059802013
502,-0.19912685146340842,-0.18950910471421634,0.12342419151359646,25,-1.572910598518161,-0.38473679707496866,-0.2268019488609052,-0.9964584818850839,-1.5902496457613182,-5.028469260347981,0.3171518627285087,0.4367414059063084,-0.5000459999098925,-0.12583975703317532
503,-0.2897857381987782,-0.22490944183517822,-0.25933813235737324,27,0.6316058005804598,-0.10475853358802964,0.06710986391776985,-0.07190937498139782,0.685056870172367,1.4360458585566775,-0.06626993987038825,0.4367414059063084,-0.9206859306420196,-0.1567442397726122
504,-0.04190721269305881,-0.12254846704134607,0.08221122691884988,27,-1.572910598518161,-0.38473679707496866,-1.4024491999756055,-0.6882754462505218,0.0024649153922614736,0.5125436987131547,1.4521766549407247,1.2326496902696453,-0.41262148129320164,-0.09231997712289725
505,-0.25208642846845886,-0.21698936641150537,-0.22330763636436124,24,-1.2173434373732221,0.5951871251293178,-0.8146255744182553,-0.07190937498139782,1.1401181733591041,1.4360458585566775,0.809664387405753,-1.1550751628203653,-1.0387715651165499,-0.14577943919375005
506,-0.1218138734770688,-0.11353838123739504,-0.009345718378461368,22,-0.43509568285435674,0.17521972989890935,1.24275711503247,-0.6882754462505218,-0.5663617135911598,-0.4109584611303678,-1.179637015199403,-0.3591668784570285,0.36380264786755345,-0.058659068213289874
507,-0.29387554193487825,-0.22602945250115214,-0.2642738167399776,22,0.1338117749775454,-1.6446389827661942,0.948845302253795,-0.6882754462505218,0.11623024118894575,-4.412801153785632,-0.8916695944190597,0.11837809216097364,-1.09767737242357,-0.15810499448915846
508,-0.28031649554197025,-0.22048939974267392,-0.2186187362008871,27,-0.008415089480430146,0.17521972989890935,-1.1085373871969304,-0.07190937498139782,-1.5902496457613182,0.20470964543198059,1.1216959380563196,0.7551047196516432,-0.48791576203096515,-0.15465201855049454
509,-0.2825850672131534,-0.22108940545658853,-0.23638719997826285,10,-0.7195494117703078,-0.5247259288184382,-0.5207137616395803,-0.9964584818850839,1.481414150749157,-1.0266265676927162,0.5890765302620361,-0.5183485353296958,-0.41888370722372337,-0.15480273220679278
510,-0.27604071604638775,-0.22634945554857328,-0.2642738167399776,28,1.4138535550993252,1.0151545203597263,1.24275711503247,-0.9964584818850839,-0.7938923651845284,-0.10312440784919362,-1.1539686100044977,-0.1999852215843611,-1.7357507969549044,-0.14782955919797997
511,-0.26499026369085044,-0.21165931565289728,-0.21960587307740795,28,0.48937893612248423,-0.10475853358802964,-1.4024491999756055,0.23627366065316419,-0.1113004104044228,-0.10312440784919362,1.3799842653300536,1.073468033396978,-0.17918685327086792,-0.15079747549359232
512,-0.2853686060395056,-0.2202793977428038,-0.2529217426599875,29,-0.7906628439992957,-0.38473679707496866,0.65493348947512,0.23627366065316419,0.22999556698563,1.7438799118378516,-0.6726860126000245,0.4367414059063084,0.20155722897318187,-0.1541814331616972
513,-0.28330790593257255,-0.22147940917063302,-0.21392983603741292,28,-1.3595703018311978,0.035230598155439864,-1.1085373871969304,-0.6882754462505218,-0.1113004104044228,-0.4109584611303678,1.1610006835110183,0.5959230627789758,-0.4442173383708725,-0.15552529636389006
514,-0.27990352403432667,-0.22119940650413955,-0.21392983603741292,29,0.1338117749775454,0.035230598155439864,-0.8146255744182553,0.23627366065316419,-0.9076576909812127,-0.10312440784919362,0.8000387354576635,-0.6775301922023632,-0.668147758637747,-0.1541969575001553
515,-0.2604603265627114,-0.21254932412853728,-0.18283502442700533,20,-0.008415089480430146,-0.38473679707496866,-1.4024491999756055,1.1608227675568503,-0.5663617135911598,1.1282118052755032,1.3093961510440641,1.3918313471423127,-0.4625511211663033,-0.149448762729109
516,-0.29548086473506063,-0.22633945545334136,-0.2642738167399776,27,2.8361221996790804,5.774784999637689,3.0062279917045207,0.5444566962877262,1.02635284756242,-1.0266265676927162,-3.046211355466418,-2.1101651040563696,0.31035197721383245,-0.1588718334918166
517,-0.2517374814026043,-0.21342933250894539,-0.2198526572965382,22,-1.0040031406862588,0.035230598155439864,0.06710986391776985,1.1608227675568503,1.7089448023425255,-0.4109584611303678,-0.17054783597469078,-0.1999852215843611,-0.7813529662772352,-0.14162011923184642
518,-0.27775524070832286,-0.22119940650413955,-0.24280358967564855,28,-0.8617762762282833,-0.5247259288184382,-1.1085373871969304,-0.07190937498139782,0.0024649153922614736,0.20470964543198059,1.1104660107835487,1.3918313471423127,-0.797422276298716,-0.15391728467749474
519,-0.2633081669929383,-0.1969691757572213,-0.17123616612788503,28,-0.15064195393840568,-0.5247259288184382,-1.1085373871969304,1.7771888388259742,-1.3627189941679498,0.20470964543198059,0.9733004705232738,0.4367414059063084,1.214692193839868,-0.14954643681040702
520,-0.20789016228802287,-0.18872909728612736,-0.04290837218017115,28,-0.363982250625369,-0.10475853358802964,-1.1085373871969304,0.5444566962877262,-0.9076576909812127,1.1282118052755032,1.067952714679487,0.277559749033641,-0.34765775119460346,-0.133930790609442
521,-0.2954027050269026,-0.2262594546914861,-0.2642738167399776,22,-1.9284777596631,-1.5046498510227246,0.948845302253795,-0.38009241061595983,0.7988221959690514,-3.797133047223284,-0.9205465502633281,0.11837809216097364,1.3605640205924763,-0.1588839465705041
522,-0.25308310332851686,-0.20284923175358446,-0.18135431911222402,28,0.9160595294964109,-0.10475853358802964,1.24275711503247,0.8526397319222883,1.481414150749157,-0.718792514411542,-1.3168025554596776,-0.1999852215843611,0.055264354520004305,-0.13281502421236888
523,-0.2510434675400945,-0.1995392002318222,-0.15297413391224882,25,-0.5062091150833445,-0.38473679707496866,-1.1085373871969304,0.5444566962877262,-1.1351883425745812,-0.4109584611303678,1.0703591276665092,0.9142863765243106,0.21377932481396628,-0.14625300977195585
524,-0.27719786775404687,-0.21917938726729372,-0.22232049948784036,28,-0.7906628439992957,-0.38473679707496866,-0.2268019488609052,-0.6882754462505218,1.2538834991557886,1.1282118052755032,0.27143001597508376,-0.1999852215843611,-0.4691703498690526,-0.15257003949455483
525,-0.2821479826040568,-0.22506944335888876,-0.26131240611041495,27,-1.0040031406862588,0.035230598155439864,0.06710986391776985,-0.07190937498139782,-1.1351883425745812,1.1282118052755032,-0.05343573727293563,0.4367414059063084,-1.4257892953491758,-0.1538374673332076
526,-0.27821366679801585,-0.21970939231458494,-0.22577547855566343,22,-0.7195494117703078,0.4551979933858484,-0.5207137616395803,0.5444566962877262,-1.5902496457613182,-0.4109584611303678,0.4880071848070967,-1.3142568196930327,-0.4938549745654636,-0.15325998637428426
527,-0.27107341714706645,-0.21907938631497462,-0.19369353006873496,27,1.3427401228703375,-0.24474766533149914,0.65493348947512,1.1608227675568503,-0.22506573620110706,-0.10312440784919362,-0.7432741268860138,0.277559749033641,-0.773546813037948,-0.14716851102762002
528,-0.25180621759984967,-0.20786927956000334,-0.1786396927017916,24,0.9871729617253986,-0.5247259288184382,0.948845302253795,-0.38009241061595983,1.82271012813921,0.20470964543198059,-0.9285679268867361,-0.1999852215843611,-0.36848920010244096,-0.13629525782413263
529,-0.24561358511979522,-0.2058492603231575,-0.18875784568613058,28,-0.07952852170941792,-0.10475853358802964,0.06710986391776985,1.1608227675568503,-1.2489536683712654,-0.10312440784919362,-0.15049439441617105,-0.5183485353296958,-0.40732671644719287,-0.13932000527275795
530,-0.2779220922838943,-0.21655936231653325,-0.18554965083743774,29,1.9116475807022397,-0.9446933240488466,0.948845302253795,-0.38009241061595983,0.9125875217657357,-0.10312440784919362,-0.9221508255880098,-0.1999852215843611,0.06491903078150577,-0.1498504113067917
531,-0.28359975760877976,-0.21940938945762764,-0.2134362675991525,22,2.2672147418471784,1.8550893108205433,1.24275711503247,-0.6882754462505218,1.3676488249524728,-0.10312440784919362,-1.1940754931215372,5.371372768958997,0.14990136828055572,-0.15201851617774367
532,-0.24466347349012926,-0.2125593242237692,-0.22898367340435627,29,-0.5773225473123323,-0.24474766533149914,0.3610216766964449,-1.6128245531542078,-0.22506573620110706,-0.10312440784919362,-0.2315102983125907,-0.995893505947698,-0.8588448268231462,-0.13843163656782523
533,-0.2807089570552745,-0.22162941059911168,-0.25168782156433644,24,-1.0040031406862588,-0.5247259288184382,-1.4024491999756055,-0.07190937498139782,-1.2489536683712654,-0.4109584611303678,1.412871909486026,0.7551047196516432,-0.7039940582617287,-0.15501618079920865
534,-0.28730430604580287,-0.22473944021623574,-0.25415566375563864,25,0.560492368351472,-0.24474766533149914,-1.6963610127542805,0.23627366065316419,0.11623024118894575,1.1282118052755032,1.6719623744221006,0.5959230627789758,-1.1004884260723515,-0.15687419607542258
535,-0.2743170450356256,-0.21606935765016966,-0.2008502724235113,28,-0.008415089480430146,-0.6647150605619077,0.06710986391776985,-0.6882754462505218,-0.6801270393878441,-0.4109584611303678,-0.0069117528571698925,-1.3142568196930327,-0.16679353466439836,-0.15096011833541367
536,-0.27696616025042936,-0.21735936993508606,-0.23860825795043483,23,-0.29286881839638124,0.035230598155439864,-0.8146255744182553,-1.6128245531542078,0.0024649153922614736,0.20470964543198059,0.9388085510426198,0.7551047196516432,-0.16752493831826265,-0.1534858642588495
537,-0.2834054669867273,-0.22012939631432515,-0.20776023055915743,22,-0.008415089480430146,-0.24474766533149914,-0.2268019488609052,-0.38009241061595983,1.02635284756242,1.1282118052755032,0.24897016142954168,0.277559749033641,-0.0728848312155714,-0.15470235820759282
538,-0.2952053656219078,-0.22616945383439888,-0.2630398956443265,27,-0.07952852170941792,0.035230598155439864,0.06710986391776985,-0.07190937498139782,1.481414150749157,1.1282118052755032,-0.07188490350677378,-0.1999852215843611,0.26168159723836304,-0.15882066499305372
539,-0.17721303116015888,-0.15102873826182614,-0.1680279712791922,24,1.6271938517862885,0.3152088616423789,-0.2268019488609052,0.8526397319222883,-0.1113004104044228,-0.4109584611303678,0.15913074324737336,0.277559749033641,0.32261132433661716,-0.11649943831525454
540,-0.2891321900007758,-0.22494944221610585,-0.25662350594694083,26,0.1338117749775454,-0.24474766533149914,-1.1085373871969304,-0.6882754462505218,-1.476484319964634,0.5125436987131547,1.169824197796767,-1.1550751628203653,-1.0246982281326023,-0.1571568351578949
541,-0.24261552283913693,-0.1808790225290779,-0.13150390684791977,28,0.06269834274855762,-0.5247259288184382,0.948845302253795,-0.6882754462505218,0.685056870172367,-0.4109584611303678,-0.8956802827307637,-0.1999852215843611,1.0437081558807522,-0.13189650421066196
542,-0.27057785133789414,-0.2137393354611346,-0.20751344634002722,25,0.2760386394355209,0.17521972989890935,0.948845302253795,1.4690058031914122,0.11623024118894575,-0.10312440784919362,-1.0641291918223292,0.277559749033641,-0.09997461602431706,-0.14526451039009097
543,-0.27548362025419737,-0.2184693805058281,-0.24181645279912767,27,-0.22175538616739346,-0.38473679707496866,-1.1085373871969304,-0.38009241061595983,-1.1351883425745812,-0.4109584611303678,1.1441557926018617,0.4367414059063084,-0.46298289073302856,-0.1533172968739852
544,-0.28599610100145534,-0.22517944440643978,-0.2581042112617221,28,0.48937893612248423,-0.38473679707496866,-1.4024491999756055,1.4690058031914122,-1.2489536683712654,1.4360458585566775,1.2893427094855445,0.277559749033641,-1.3376686626141812,-0.15634978603439056
545,-0.2775093979383364,-0.22029939793326764,-0.23194508403391892,28,-0.15064195393840568,0.17521972989890935,-1.1085373871969304,1.1608227675568503,1.3676488249524728,-0.4109584611303678,1.0037817016922237,-0.5183485353296958,-0.6485084448453033,-0.15372395437054442
546,-0.17011463298414517,-0.19770918280438265,-0.2097345043121992,24,-1.1462300051442345,3.674948023485647,-1.4024491999756055,-0.6882754462505218,0.9125875217657357,-0.718792514411542,1.446561691304339,1.7101946608876473,-0.9973811466237698,-0.1259589667802577
547,-0.08911124182715145,-0.1741789587236981,-0.11694363791923686,24,-1.0040031406862588,0.3152088616423789,-1.1085373871969304,-0.38009241061595983,-1.021423016777897,0.5125436987131547,1.1425515172771803,-0.3591668784570285,-0.9186456588182754,-0.10100518562123098
548,-0.20124326114956048,-0.16322885444475652,-0.040934098427129396,22,1.4849669873283131,-0.5247259288184382,-0.2268019488609052,-0.9964584818850839,-0.1113004104044228,-0.10312440784919362,0.30592193545573765,0.7551047196516432,0.42899087231378147,-0.1264678189954561
549,-0.20124326114956048,-0.16322885444475652,-0.040934098427129396,22,1.4849669873283131,-0.5247259288184382,-0.2268019488609052,-0.9964584818850839,-0.1113004104044228,-0.10312440784919362,0.30592193545573765,0.7551047196516432,0.42899087231378147,-0.1264678189954561
550,-0.1778114241031136,-0.16829890272733494,0.08443228489102185,25,-0.7195494117703078,-0.8047041923053772,-1.1085373871969304,0.23627366065316419,0.7988221959690514,-1.6422946742550646,1.0815890549392804,0.4367414059063084,-0.14128080008526808,-0.12544946342667837
551,-0.271926522046749,-0.22032939821896336,-0.2529217426599875,22,-0.363982250625369,0.17521972989890935,0.06710986391776985,1.1608227675568503,-0.4525963877944756,-0.4109584611303678,-0.1553072203902158,-0.3591668784570285,-0.910149374196164,-0.14965158309232854
552,-0.28761417325757843,-0.22418943497848068,-0.25933813235737324,24,-0.22175538616739346,0.035230598155439864,-1.4024491999756055,-1.304641517519646,1.5951794765458414,-0.10312440784919362,1.4890749874084008,-1.1550751628203653,-0.8499695959856538,-0.15687761088054317
553,-0.2833444913278806,-0.22150940945632877,-0.24527143186695075,22,0.4182655038934965,-0.24474766533149914,-0.2268019488609052,0.23627366065316419,0.3437608927823143,1.7438799118378516,0.2048525900007983,-0.6775301922023632,-0.4483090514019995,-0.15462865642991377
554,-0.27408118010072313,-0.21668936355454807,-0.2548960164130293,24,-0.43509568285435674,-0.10475853358802964,-0.8146255744182553,-0.6882754462505218,-1.5902496457613182,1.1282118052755032,0.8778460887047199,0.277559749033641,-0.27765729065494454,-0.15254769839275012
555,-0.29549472283934397,-0.22634945554857328,-0.2642738167399776,27,3.333916225281995,5.774784999637689,3.0062279917045207,0.8526397319222883,0.7988221959690514,-1.0266265676927162,-3.069473347674301,0.277559749033641,-1.7357507969549044,-0.1589244593607939
556,-0.23943065331273913,-0.20283923165835255,-0.18925141412439103,28,-0.22175538616739346,1.0151545203597263,-0.8146255744182553,1.4690058031914122,-1.5902496457613182,-0.718792514411542,0.706990766626132,0.4367414059063084,-0.38028331794978326,-0.14151770771019356
557,-0.27377657896857527,-0.2217194114561989,-0.24058253170347657,10,-1.0040031406862588,0.4551979933858484,-0.8146255744182553,-0.38009241061595983,-0.9076576909812127,-0.718792514411542,0.8497712705227923,-1.3142568196930327,-1.0466930638424943,-0.15241387029922476
558,0.23836102846786006,-0.03401762395324566,-0.0016954075854245776,24,-1.9284777596631,-0.9446933240488466,-1.6963610127542805,-1.6128245531542078,0.11623024118894575,0.5125436987131547,1.8171492913057834,0.9142863765243106,-0.5712021151140798,-0.028553745981602957
559,-0.2743095616593126,-0.22009939602862943,-0.23885504216956505,28,-0.07952852170941792,-0.38473679707496866,-0.8146255744182553,-1.304641517519646,-1.2489536683712654,1.7438799118378516,0.9227657977958041,1.55101300401498,-0.7821983287137149,-0.15268178282295972
560,-0.25429457880496664,-0.20408924356234132,0.03137367777802477,25,2.7650087674500927,0.5951871251293178,2.7123161789258456,-1.6128245531542078,-0.22506573620110706,-0.4109584611303678,-2.5745544100100344,-0.995893505947698,0.010642660413922476,-0.09377860542412264
561,-0.28196616427585935,-0.22130940755169057,-0.25464923219389907,27,-0.5062091150833445,-0.38473679707496866,-1.4024491999756055,-0.9964584818850839,-0.5663617135911598,-0.718792514411542,1.4818557484473338,1.073468033396978,-0.5316776989926881,-0.15540000998943182
562,-0.29241074031212894,-0.22465943945438047,-0.26155919032954517,27,-0.7195494117703078,0.17521972989890935,0.06710986391776985,-0.07190937498139782,-1.1351883425745812,1.1282118052755032,-0.05343573727293563,0.4367414059063084,0.0345121834265796,-0.15775461674156435
563,-0.1777227322357002,-0.1943091504255332,-0.22207371526871014,22,-0.07952852170941792,0.4551979933858484,-0.2268019488609052,1.4690058031914122,-0.33883106199779134,-0.10312440784919362,0.11100248350692603,0.5959230627789758,-0.8563649776140089,-0.11609925912983013
564,-0.23911357988673626,-0.18774908795340015,-0.17024902925136415,28,-0.43509568285435674,0.17521972989890935,-1.1085373871969304,1.1608227675568503,1.2538834991557886,-0.4109584611303678,1.0045838393545645,0.5959230627789758,0.4772145098956364,-0.1426087880377946
565,-0.27173417155929624,-0.2148493460318766,-0.13866064920269613,25,0.20492520720653315,-0.10475853358802964,0.948845302253795,1.1608227675568503,1.1401181733591041,-0.10312440784919362,-1.0464821632508319,-0.1999852215843611,-0.17137175867694665,-0.14599745792166985
566,-0.26085971712815736,-0.21120931136746132,-0.23712755263565352,22,-0.363982250625369,-0.38473679707496866,0.06710986391776985,1.4690058031914122,1.1401181733591041,0.20470964543198059,-0.19220555285789206,0.7551047196516432,-0.32281507473986354,-0.14513593313697523
567,-0.24694451745516746,-0.21143931355779527,-0.19394031428786518,28,-0.5062091150833445,-0.24474766533149914,-1.1085373871969304,1.4690058031914122,1.02635284756242,-0.10312440784919362,0.9805197094843409,0.5959230627789758,-0.7430797891211919,-0.1447983209591457
568,-0.26375744673380425,-0.2096092961303557,-0.1162032852618462,22,-1.7151374629761367,0.3152088616423789,-0.5207137616395803,0.5444566962877262,-1.1351883425745812,1.1282118052755032,0.4839964964953927,-0.1999852215843611,-0.030864672817170907,-0.14850446235671014
569,0.5218194052348044,0.3133756843080805,0.7016396169356995,27,0.06269834274855762,-0.24474766533149914,-1.4024491999756055,0.23627366065316419,0.11623024118894575,2.051713965119026,1.3783799900053721,2.028557974632982,0.39883981589047285,0.0590907938672944
570,-0.2403555431926094,-0.19504915747269455,-0.09744768460794954,25,-0.07952852170941792,0.17521972989890935,-1.1085373871969304,-0.6882754462505218,1.7089448023425255,-0.4109584611303678,1.1481664809135657,1.2326496902696453,0.09911741519717679,-0.14347492631242392
571,-0.2953752659804216,-0.22631945526287753,-0.2642738167399776,27,-1.4306837340601855,-0.10475853358802964,0.3610216766964449,0.5444566962877262,0.685056870172367,-1.6422946742550646,-0.40717844636522343,1.073468033396978,-0.9369298508753291,-0.15888061453496347
572,-0.21621333972059842,-0.20627926441812963,-0.16876832393658284,28,-1.28845686960221,-0.24474766533149914,-1.6963610127542805,-0.38009241061595983,0.11623024118894575,0.20470964543198059,1.7208927718248888,1.073468033396978,-0.9174713418096194,-0.1392042777935653
573,-0.28772448376767384,-0.22436943669265508,-0.25933813235737324,10,-2.284044920808039,-0.6647150605619077,-1.6963610127542805,-0.38009241061595983,0.3437608927823143,-0.10312440784919362,1.7192884965002073,-1.1550751628203653,-0.9122604642657822,-0.1569978975495232
574,-0.2519885902522185,-0.2100893007014874,-0.21269591494176182,25,0.560492368351472,-0.24474766533149914,0.06710986391776985,-0.07190937498139782,0.22999556698563,-0.4109584611303678,-0.06225925155868431,0.5959230627789758,-0.5276954938499471,-0.14228184524641818
575,-0.25323859125857595,-0.20482925060950266,-0.21837195198175685,28,-0.7906628439992957,-0.24474766533149914,0.3610216766964449,0.5444566962877262,0.3437608927823143,-0.4109584611303678,-0.40477203337820106,-1.1550751628203653,-0.08960342938924126,-0.14089637710202804
576,-0.27922031949315784,-0.21954939079087438,-0.2423100212373881,28,-0.07952852170941792,-0.10475853358802964,0.65493348947512,0.23627366065316419,0.0024649153922614736,-0.4109584611303678,-0.6702795996130021,0.7551047196516432,-0.3852707028420011,-0.15130408197093115
577,-0.26677241590168826,-0.20568925879944694,-0.24132288436086724,22,-1.28845686960221,-0.10475853358802964,1.24275711503247,0.5444566962877262,1.481414150749157,-0.4109584611303678,-1.2919362879271132,-1.3142568196930327,0.5892215091872922,-0.14145561132353177
578,-0.2501745644015289,-0.21042930393937234,-0.22725618387044474,10,-1.1462300051442345,0.3152088616423789,-0.8146255744182553,1.1608227675568503,0.7988221959690514,-0.718792514411542,0.7150121432495399,-1.6326201334383674,-0.6002977683766834,-0.1448824905447353
579,-0.09739339927104827,-0.15992882301822617,0.18660095161093251,28,-0.008415089480430146,-0.38473679707496866,-0.2268019488609052,-0.9964584818850839,0.7988221959690514,-0.4109584611303678,0.3003069718193522,-1.6326201334383674,-0.6519652342123199,-0.09059356475981782
580,-0.28024969947932454,-0.21847938060106,-0.24156966857999745,27,-1.2173434373732221,0.17521972989890935,0.06710986391776985,-1.304641517519646,-1.5902496457613182,-0.10312440784919362,0.04602933285732216,0.9142863765243106,-0.06724587345896055,-0.1532820369899043
581,-0.295003037299371,-0.22623945450102226,-0.26402703252084736,27,0.9871729617253986,-0.5247259288184382,0.06710986391776985,0.5444566962877262,-0.7938923651845284,1.4360458585566775,-0.1047725476627461,-0.6775301922023632,-1.0154215216018454,-0.15874110364839478
582,-0.2574012886232064,-0.21086930812957638,-0.22676261543218432,28,-0.008415089480430146,-0.10475853358802964,0.3610216766964449,-0.07190937498139782,1.02635284756242,-0.4109584611303678,-0.36065446194945766,0.5959230627789758,-0.4222364178329624,-0.14291088783148034
583,-0.2692962538537706,-0.21752937155402854,-0.21911230463914752,24,0.6316058005804598,-0.38473679707496866,0.3610216766964449,1.7771888388259742,-1.1351883425745812,-0.10312440784919362,-0.4930071762356878,-0.6775301922023632,-0.6475810868221533,-0.14740775533997807
584,-0.26691820315874903,-0.21045930422506806,-0.20652630946350636,28,-0.43509568285435674,-0.5247259288184382,0.3610216766964449,-0.9964584818850839,1.3676488249524728,0.5125436987131547,-0.2900663476634683,-0.6775301922023632,0.06155178535721571,-0.14718823428190722
585,-0.2741246945481728,-0.2148393459366447,-0.24305037389477877,28,-1.28845686960221,-1.0846824557923163,-0.5207137616395803,-0.6882754462505218,1.3676488249524728,0.20470964543198059,0.5642102627294716,1.2326496902696453,0.005121524467587172,-0.15205357359262248
586,0.01844704875758322,-0.08137807497157205,0.2342303059030648,28,1.7694207162442641,-0.38473679707496866,0.65493348947512,0.8526397319222883,-0.1113004104044228,-0.4109584611303678,-0.7192099970157901,-1.1550751628203653,-0.2430853798517513,-0.00908433308878404
587,-0.29354073013539267,-0.22567944916803528,-0.2632866798634567,29,-0.5773225473123323,-1.3646607192792553,-0.2268019488609052,0.8526397319222883,-0.6801270393878441,2.051713965119026,0.16233929389673651,-1.4734384765657,-0.6284719965368222,-0.15823143519839716
588,-0.2612272340537516,-0.21659936269746088,-0.21170877806524094,28,-0.7906628439992957,-0.38473679707496866,-0.2268019488609052,-0.6882754462505218,0.45752621857899856,0.5125436987131547,0.2770449796114693,-0.3591668784570285,-0.8160768809183191,-0.14703541446188653
589,-0.27287885097310033,-0.21884938412464067,-0.24132288436086724,28,-1.7151374629761367,0.3152088616423789,-0.5207137616395803,-1.304641517519646,-1.476484319964634,0.820377751994329,0.6315898263660978,-0.3591668784570285,-0.6638692505335637,-0.15177495528845839
590,-0.25116431020944524,-0.20664926794171032,-0.22158014683044971,28,1.3427401228703375,-0.9446933240488466,0.65493348947512,1.4690058031914122,-0.22506573620110706,1.7438799118378516,-0.7681403944185783,-0.8367118490750306,-0.29933039000898054,-0.13737532501858868
591,-0.2212718249461041,-0.19491915623467973,-0.2122023465035014,25,-1.4306837340601855,0.7351762568727874,-0.8146255744182553,1.1608227675568503,1.3676488249524728,-1.0266265676927162,0.711001454937836,1.2326496902696453,-0.36697838553642376,-0.13589998282422755
592,-0.2751039081968338,-0.21969939221935303,-0.21269591494176182,28,1.3427401228703375,-0.24474766533149914,-0.5207137616395803,-0.07190937498139782,1.02635284756242,0.820377751994329,0.5176862783137058,-0.1999852215843611,-0.6816506616562925,-0.1522903353920902
593,0.10558265105995601,0.052443199421849364,0.1500768871796601,28,-1.2173434373732221,-0.5247259288184382,-1.6963610127542805,-0.38009241061595983,0.11623024118894575,0.820377751994329,1.7208927718248888,0.9142863765243106,0.5111456062063731,-0.05913128363573341
594,-0.2791213726285748,-0.22039939888558674,-0.24305037389477877,24,-0.7195494117703078,-0.10475853358802964,-1.1085373871969304,-0.07190937498139782,-1.1351883425745812,-0.4109584611303678,1.1192895250692974,0.5959230627789758,-0.5612208963771868,-0.15431255049099335
595,-0.27268705480981886,-0.21705936707812876,-0.24675213718173206,10,0.9871729617253986,-0.24474766533149914,0.3610216766964449,1.4690058031914122,-0.1113004104044228,-0.10312440784919362,-0.4761622853265312,1.7101946608876473,-0.41921094494866923,-0.14895752734282686
596,-0.287558740840445,-0.22299942364588338,-0.24921997937303425,28,-1.572910598518161,-0.24474766533149914,-0.5207137616395803,-0.07190937498139782,0.22999556698563,1.4360458585566775,0.5233012419500914,1.073468033396978,-0.37156321061579717,-0.15635072755530174
597,-0.28710197772326607,-0.22445943754974226,-0.2632866798634567,29,0.9160595294964109,-0.10475853358802964,1.5366689278111452,1.7771888388259742,-1.1351883425745812,-0.10312440784919362,-1.66493030091558,-0.5183485353296958,-1.007981872426385,-0.15271188808514374
598,0.3061399078693457,0.12939393223139783,0.18413310941963032,28,-0.5062091150833445,-0.24474766533149914,0.3610216766964449,-0.38009241061595983,-1.021423016777897,-0.4109584611303678,-0.321349716494759,-1.1550751628203653,0.1755744396306086,0.09083981632659974
599,-0.20102180864311267,-0.1887790977622869,-0.13446531747748242,25,-0.43509568285435674,0.3152088616423789,-0.5207137616395803,0.8526397319222883,0.45752621857899856,-0.10312440784919362,0.44790030169005723,1.073468033396978,-0.45028334507377593,-0.12759954192234446
